-- phpMyAdmin SQL Dump
-- version 4.5.4.1
-- http://www.phpmyadmin.net
--
-- Host: localhost
-- Generation Time: Jun 18, 2017 at 09:31 AM
-- Server version: 5.5.53-0ubuntu0.14.04.1
-- PHP Version: 7.0.14-2+deb.sury.org~trusty+1

SET SQL_MODE = "NO_AUTO_VALUE_ON_ZERO";
SET time_zone = "+00:00";


/*!40101 SET @OLD_CHARACTER_SET_CLIENT=@@CHARACTER_SET_CLIENT */;
/*!40101 SET @OLD_CHARACTER_SET_RESULTS=@@CHARACTER_SET_RESULTS */;
/*!40101 SET @OLD_COLLATION_CONNECTION=@@COLLATION_CONNECTION */;
/*!40101 SET NAMES utf8mb4 */;

--
-- Database: `admin_tjournal`
--

-- --------------------------------------------------------

--
-- Table structure for table `commentary`
--

CREATE TABLE `commentary` (
  `commentary_id` int(11) NOT NULL,
  `user_id` int(11) NOT NULL,
  `text` varchar(255) NOT NULL,
  `news_id` int(11) NOT NULL,
  `likes` int(11) NOT NULL,
  `date_added` datetime NOT NULL,
  `in_reply_to_comment_id` int(11) NOT NULL
) ENGINE=MyISAM DEFAULT CHARSET=utf8;

--
-- Dumping data for table `commentary`
--

INSERT INTO `commentary` (`commentary_id`, `user_id`, `text`, `news_id`, `likes`, `date_added`, `in_reply_to_comment_id`) VALUES
(1, 1, 'text try text text', 1, 5, '0000-00-00 00:00:00', 0),
(3, 8, 'text second text', 2, 5, '0000-00-00 00:00:00', 1),
(5, 8, '<div class="b-comment__text" >test</div>', 2, 0, '2017-01-19 08:48:14', 3),
(6, 8, '<div class="b-comment__text" >testovui komentarisdds</div>', 5, 91, '2017-01-27 12:11:57', 5),
(7, 8, '<div class="b-comment__text" >asdasd</div>', 5, 0, '2017-01-29 11:45:55', 0),
(8, 8, '<div class="b-comment__text" >asdasd</div>', 5, 0, '2017-01-29 11:46:07', 0),
(9, 8, '<div class="b-comment__text" >safsfa</div>', 5, 0, '2017-01-29 13:30:46', 0),
(10, 8, '<div class="b-comment__text" >ÐºÑƒÐºÑƒ</div>', 5, 0, '2017-01-29 15:06:36', 0),
(11, 8, '<div class="b-comment__text" >Ð¡ÐµÐ¹Ñ‡Ð°Ñ Ñ Ð½Ð°Ð¿Ð¸Ð³Ñƒ Ñ‡Ð¸Ñ‚Ñ€-Ð¸Ñ€</div>', 5, 1, '2017-01-29 16:49:32', 0),
(12, 8, '<div class="b-comment__text" >WHATAFAK</div>', 5, 4, '2017-01-29 16:59:51', 0),
(13, 8, '<div class="b-comment__text" >Testovui kovemntarii privet kak dela cho u tebia </div>', 5, 1, '2017-01-29 19:37:42', 0),
(14, 8, '<div class="b-comment__text" >dada vse good</div>', 5, 0, '2017-01-29 21:01:11', 0),
(15, 8, '<div class="b-comment__text" >dasd</div>', 5, 5, '2017-01-29 22:53:23', 0),
(16, 8, '<div class="b-comment__text" >Ð³Ð³</div>', 5, 0, '2017-01-30 11:01:16', 0),
(17, 9, '<div class="b-comment__text" >Ð›ÐÐ›ÐÐ›Ð</div>', 5, 1, '2017-01-30 15:04:50', 0),
(18, 9, '<div class="b-comment__text" >Ð¾Ð¼Ð¾Ð¼</div>', 5, 1, '2017-01-30 15:05:48', 0),
(19, 9, '<div class="b-comment__text" >ÐŸÐ¸ÑˆÑƒ ÐºÐ¾Ð¼Ð¼ÐµÐ½Ñ‚Ð°Ñ€Ð¸Ð¸</div>', 9, 1, '2017-01-30 15:18:57', 0),
(20, 8, '<div class="b-comment__text" >ÐŸÑ€Ð¸Ð²Ñ‚Ðµ</div>', 9, 1, '2017-01-30 15:19:23', 0),
(21, 9, '<div class="b-comment__text" >Ð¶Ð°Ð´Ð¶Ð»Ð²ÑŒÐ°</div>', 9, 1, '2017-01-30 15:19:33', 0),
(22, 9, '<div class="b-comment__text" >4Ð¹ ÐºÐ¾Ð¼Ð¼ÐµÐ½Ñ‚Ð°Ñ€Ð¸Ð¹</div>', 9, 1, '2017-01-30 15:36:37', 0),
(23, 8, '<div class="b-comment__text" >Ð¿ÑÑ‚Ñ‹Ð¹ ÐºÐ¾Ð¼Ð¼ÐµÐ½Ñ‚Ð°Ñ€Ð¸Ð¹</div>', 9, 0, '2017-01-30 15:59:42', 0),
(24, 9, '<div class="b-comment__text" >Ð¨ÐµÑÑ‚Ð¾Ð¹?</div>', 9, 1, '2017-01-30 16:05:06', 0),
(25, 9, '<div class="b-comment__text" >Ð¶Ð°Ð´Ð¶Ð»Ð²ÑŒÐ°</div>', 5, 2, '2017-01-30 20:24:23', 0),
(26, 8, '<div class="b-comment__text" >Ð´Ð¾Ð±Ñ€Ð¾Ðµ ÑƒÑ‚Ñ€Ð¾</div>', 5, 0, '2017-01-31 08:27:45', 0),
(27, 7, '<div class="b-comment__text" >Ð³Ð³</div>', 11, 25, '2017-01-31 11:54:41', 0),
(28, 7, '<div class="b-comment__text" >Ð³Ð³</div>', 11, 19, '2017-01-31 11:54:45', 0),
(29, 8, '<div class="b-comment__text" >Ð´Ð¾Ð±Ñ€Ð¾Ðµ ÑƒÑ‚Ñ€Ð¾</div>', 11, 5, '2017-02-01 16:19:25', 0),
(30, 7, '<div class="b-comment__text" >ÑÐ¸Ð¿Ð²Ð°Ð¿</div>', 5, 16, '2017-02-01 16:43:58', 0),
(31, 7, '<div class="b-comment__text" >ÑÐ¸Ð¿Ð²Ð°Ð¿</div>', 11, 11, '2017-02-01 17:13:08', 0),
(32, 9, '<div class="b-comment__text" >Ð¼Ð°Ð»ÐµÐ½ÑŒÐºÐ¸Ð¹ Ñ‚ÐµÑÑ‚</div>', 21, 15, '2017-02-01 23:51:41', 0),
(33, 7, '<div class="b-comment__text" >Ð³Ð³Ð²Ð¿</div>', 11, 9, '2017-02-02 17:26:14', 0),
(34, 7, '<div class="b-comment__text" >Ð¿Ñ€Ð¸Ð²ÐµÑ‚</div>', 11, 1, '2017-02-15 21:04:05', 0),
(35, 7, '<div class="b-comment__text" >Ñ‚ÐµÑÑ‚ ÐºÐ¾Ð¼Ð¼ÐµÐ½Ñ‚</div>', 11, 2, '2017-02-18 11:36:12', 0),
(36, 8, '<div class="b-comment__text" >Ð´Ð¾Ð±Ñ€Ð¾Ðµ ÑƒÑ‚Ñ€Ð¾</div>', 11, 1, '2017-02-19 08:45:34', 0),
(37, 8, '<div class="b-comment__text" >text privet</div>', 11, 1, '2017-02-19 08:46:19', 0),
(38, 8, '<div class="b-comment__text" >Ñ‚ÐµÑÑ‚ Ð´Ð²Ð° </div>', 11, 0, '2017-02-19 09:37:09', 0),
(39, 8, '<div class="b-comment__text" >Ð¾Ð¿ÑÑ‚ÑŒ Ñ‚ÐµÑÑ‚</div>', 11, 0, '2017-02-19 09:38:33', 0),
(40, 8, '<div class="b-comment__text" >Ð¾Ð¿ÑÑ‚ÑŒ Ñ‚ÐµÑÑ‚Ñ‚ÐµÑÑ‚ Ð²Ñ‚Ð¾Ñ€Ð¾Ð¹</div>', 11, 0, '2017-02-19 09:38:49', 0),
(41, 8, '<div class="b-comment__text" >Ñ‚ÐµÑÑ‚ Ð¸ÑÐ¿Ñ€Ð°Ð²Ð»ÑÐµÐ¼ Ð²Ñ€ÐµÐ¼Ñ</div>', 11, 0, '2017-02-19 09:40:21', 0),
(42, 9, '<div class="b-comment__text" >Ñ‡Ñ‚Ð¾</div>', 9, 0, '2017-02-19 19:20:26', 0),
(43, 7, '<div class="b-comment__text" >ÐŸÑ€Ð¾Ð²ÐµÑ€ÐºÐ°</div>', 11, 0, '2017-02-19 19:27:07', 0),
(44, 7, '<div class="b-comment__text" >ÐŸÑ€Ð¾Ð²ÐµÑ€ÐºÐ°</div>', 11, 0, '2017-02-19 20:17:14', 0),
(45, 7, '<div class="b-comment__text" >Ð¿Ñ€Ð¾Ð²ÐµÑ€ÐºÐ° 2</div>', 11, 2, '2017-02-19 20:35:45', 0),
(46, 7, '<div class="b-comment__text" >Ð¿Ð¾ÑÐ»Ðµ Ð´Ð¾Ð±Ð°Ð²Ð»ÐµÐ½Ð¸Ñ Ð¾ÑÑ‚Ð°ÐµÑ‚ÑÑ ÐºÐ¾Ð¼Ð¼ÐµÐ½Ñ‚Ð°Ñ€Ð¸Ð¹ Ð² Ð³Ñ€Ð°Ñ„Ðµ, Ð¾Ð½ Ð¶Ðµ Ð½Ð° Ð²ÑÐµÑ… ÑÑ‚Ñ€Ð°Ð½Ð¸Ñ†Ð°Ñ…</div>', 45, 0, '2017-02-20 10:45:26', 0),
(47, 7, '<div class="b-comment__text" >Ð¿Ñ€Ð¾Ð²ÐµÑ€ÐºÐ° Ñ Ñ„Ð¾Ñ‚Ð¾</div>', 45, 0, '2017-02-20 10:45:54', 0),
(48, 7, '<div class="b-comment__text" >Ð¿Ñ€Ð¾Ð²ÐµÑ€ÐºÐ° Ñ Ñ„Ð¾Ñ‚Ð¾ 2</div>', 45, 0, '2017-02-20 10:47:05', 0),
(49, 7, '<div class="b-comment__text" >ÐµÑ‰Ðµ Ð¾Ð´Ð½Ð° Ð¿Ñ€Ð¾Ð²ÐµÑ€ÐºÐ°</div>', 45, 0, '2017-02-20 11:10:29', 0),
(50, 7, '<div class="b-comment__text" >ÐŸÑ€Ð¾Ð²ÐµÑ€ÑÐµÐ¼ </div>', 45, 0, '2017-02-21 10:06:35', 0),
(51, 7, '<div class="b-comment__text" >ÐŸÑ€Ð¾Ð²ÐµÑ€ÑÐµÐ¼ </div>', 11, 0, '2017-02-21 10:43:49', 0),
(52, 7, '<div class="b-comment__text" >ÐŸÑ€Ð¾Ð²ÐµÑ€ÑÐµÐ¼ </div>', 19, 0, '2017-02-21 11:52:25', 0),
(53, 8, '<div class="b-comment__text" >Ñ‚ÐµÑÑ‚Ð¸Ñ€ÑƒÐµÐ¼ Ð²Ð¸Ð´ÐµÐ¾\\Ð¸Ð·Ð¾Ð±Ñ€Ð°Ð¶ÐµÐ½Ð¸Ðµ</div><div class="media" ><img src=\'https://www.codeproject.com/KB/GDI-plus/ImageProcessing2/img.jpg\'/><a href=\'https://www.youtube.com/watch?v=KtST6_J6kxg\' ></a></div>', 11, 0, '2017-02-21 16:56:45', 0),
(54, 8, '<div class="media" ><a href=\'https://www.youtube.com/watch?v=Jsa-sAO-mNM\' ></a></div>', 11, 0, '2017-02-21 16:58:36', 0),
(55, 8, '<div class="media" ><a href=\'https://www.youtube.com/watch?v=Jsa-sAO-mNM\' ></a></div>', 11, 0, '2017-02-21 17:00:16', 0),
(56, 8, '<div class="media" ><a href=\'https://www.youtube.com/watch?v=Jsa-sAO-mNM\' ></a></div>', 11, 0, '2017-02-21 17:03:36', 0),
(57, 8, '<div class="media" ><a href=\'https://www.youtube.com/watch?v=3UgtZpghLPI\' ></a></div>', 11, 0, '2017-02-21 17:10:39', 0),
(58, 8, '<div class="media" ><a href=\'https://www.youtube.com/watch?v=3UgtZpghLPI\' ></a></div>', 11, 0, '2017-02-21 17:11:42', 0),
(59, 8, '<div class="b-comment__text" >Ñ‹Ñ„Ð²Ñ„Ñ‹Ð²<div class="media" ><a href=\'http://www.youtube.com/embed/vedio_id\' class=\'video\' ></a></div></div>', 11, 0, '2017-02-21 17:57:05', 0),
(60, 8, '<div class="b-comment__text" >Ñ‹Ñ„Ð²Ñ„Ñ‹Ð²<div class="media" ><a href=\'http://www.youtube.com/embed/IofC7yxsT0o\' class=\'video\' ></a></div></div>', 11, 11, '2017-02-21 17:59:23', 0),
(61, 8, '<div class="b-comment__text" >ÐµÑ‰Ðµ Ñ€Ð°Ð·<div class="media"><a href=\'http://www.youtube.com/embed/IofC7yxsT0o\' class=\'video\' ><img src=\'https://img.youtube.com/vi/IofC7yxsT0o/0.jpg\' data-original=\'https://img.youtube.com/vi/IofC7yxsT0o/0.jpg\' width=\'350', 11, 0, '2017-02-21 18:08:42', 0),
(62, 7, '<div class="b-comment__text" >ÐŸÑ€Ð¾Ð²ÐµÑ€ÑÐµÐ¼ </div>', 16, 1, '2017-02-22 10:18:23', 0),
(63, 7, '<div class="b-comment__text" >Ð¿Ñ€Ð¾Ð²ÐµÑ€ÐºÐ°</div>', 16, 1, '2017-02-22 20:58:51', 62),
(64, 7, '</div>', 45, 0, '2017-02-23 07:00:50', 63),
(65, 9, '<div class="b-comment__text" >here</div>', 45, 0, '2017-02-23 18:08:45', 62),
(66, 7, '<div class="b-comment__text" >Ð¿Ñ€Ð¾Ð²ÐµÑ€ÐºÐ°</div>', 17, 1, '2017-02-24 10:59:57', 63),
(67, 9, '<div class="b-comment__text" >here</div>', 8, 0, '2017-02-24 11:49:10', 66),
(68, 9, '<div class="b-comment__text" >here</div>', 8, 2, '2017-02-24 11:49:21', 0),
(69, 9, '<div class="b-comment__text" >what</div>', 8, 2, '2017-02-24 11:49:38', 0),
(70, 8, '<div class="b-comment__text" >Ñ‚ÐµÐ¼Ñ‚</div>', 16, 1, '2017-02-24 17:28:32', 0),
(71, 9, '<div class="b-comment__text" >Ð¿Ð²Ð°Ð¿</div>', 45, 0, '2017-02-24 17:32:55', 0),
(72, 7, '<div class="b-comment__text" >ÐŸÐ¾Ð¾Ð²ÐµÑ€ÐºÐ°</div>', 16, 0, '2017-02-24 21:35:00', 0),
(73, 7, '<div class="b-comment__text" >Ð Ñ€Ñ€</div>', 16, 0, '2017-02-24 21:38:36', 0),
(74, 7, '<div class="b-comment__text" >ÐŸÑ€Ð¾Ð²ÐµÑ€ÑÐµÐ¼</div>', 16, 0, '2017-02-26 10:02:23', 0),
(75, 7, '<div class="b-comment__text" >Ñ‡Ñ‚Ð¾ Ñ‚Ð¾ Ð½Ðµ Ñ‚Ð¾</div>', 16, 0, '2017-02-26 10:02:40', 0),
(76, 7, '<div class="b-comment__text" >Ð¾Ð³Ð¾</div>', 16, 0, '2017-02-26 10:02:47', 0),
(77, 7, '<div class="b-comment__text" >ÐºÐºÑƒ</div>', 16, 0, '2017-02-26 13:52:56', 0),
(78, 7, '<div class="b-comment__text" >111</div>', 16, 0, '2017-02-26 14:10:46', 0),
(79, 8, '<div class="b-comment__text" >privet</div>', 17, 0, '2017-02-26 14:24:28', 0),
(80, 8, '<div class="b-comment__text" >pokia</div>', 17, 0, '2017-02-26 14:27:11', 0),
(81, 8, '<div class="b-comment__text" >PRIVET </div>', 17, 1, '2017-02-26 14:27:27', 0),
(82, 7, '<div class="b-comment__text" >Ñ€Ð°Ð·</div>', 45, 0, '2017-02-26 14:29:16', 0),
(83, 7, '<div class="b-comment__text" >ÐÑƒ</div>', 40, 1, '2017-03-01 23:25:02', 0),
(84, 1, '<div class="b-comment__text" >ÐºÑƒÐºÑƒ</div>', 37, -90, '2017-03-25 09:15:05', 0),
(85, 5, '<div class="b-comment__text" >ÐºÑƒÐºÑƒ</div>', 19, 0, '2017-03-25 19:35:01', 0),
(86, 5, '<div class="b-comment__text" >ÐºÑƒÐºÑƒ</div>', 16, 0, '2017-04-15 22:35:10', 63),
(87, 5, '<div class="b-comment__text" >ÐºÑƒÐºÑƒ</div>', 16, 0, '2017-04-15 22:35:18', 86),
(88, 5, '<div class="b-comment__text" >ÐºÑƒÐºÑƒ</div>', 37, 0, '2017-04-15 22:35:36', 0),
(89, 5, '<div class="b-comment__text" >ÐµÑÐ»Ð¸ Ð¿Ð¾Ñ‰ÐµÐ»ÐºÐ°Ñ‚ÑŒ - ÐÐ¾Ð²Ñ‹Ðµ - ÐŸÐ¾Ð¿ÑƒÐ»ÑÑ€Ð½Ñ‹Ðµ, ÑÐ»Ð¾Ð²Ð¾ Ð¾Ñ‚Ð²ÐµÑ‚Ð¸Ñ‚ÑŒ Ð¿Ñ€Ð¾Ð¿Ð°Ð´Ð°ÐµÑ‚</div>', 37, 0, '2017-04-16 08:36:42', 84),
(90, 5, '<div class="b-comment__text" >ÐœÐ¾Ð¶Ð½Ð¾ Ð¾Ñ‚Ð²ÐµÑ‚Ð¸Ñ‚ÑŒ ÑÐ°Ð¼Ð¾Ð¼Ñƒ ÑÐµÐ±Ðµ, Ð¾Ñ‚Ð²ÐµÑ‡Ð°Ñ‚ÑŒ ÑÐ°Ð¼Ð¾Ð¼Ñƒ ÑÐµÐ±Ðµ Ð½ÐµÐ»ÑŒÐ·Ñ)))</div>', 37, 0, '2017-04-16 08:37:29', 88),
(91, 5, '<div class="b-comment__text" >ÐšÐ¾Ð¼Ð¼ÐµÐ½Ñ‚Ð°Ñ€Ð¸Ð¹ Ð¿Ð¾ÑÐ²Ð»ÑÐµÑ‚ÑÑ Ñ‚Ð¾Ð»ÑŒÐºÐ¾ Ð¿Ð¾ÑÐ»Ðµ Ð¾Ð±Ð½Ð¾Ð²Ð»ÐµÐ½Ð¸Ñ ÑÑ‚Ñ€Ð°Ð½Ð¸Ñ†Ñ‹</div>', 37, 0, '2017-04-16 08:37:52', 0),
(92, 5, '<div class="b-comment__text" >Notice: Undefined variable: number in /home/admin/web/web-merenkov.ru/public_html/app/frontend/views/index/show.volt.php on line 544\r\n\r\nNotice: Undefined variable: number in /home/admin/web/web-merenkov.ru/public_html/app/fro', 100, 0, '2017-04-16 09:35:15', 0),
(93, 5, '<div class="b-comment__text" >hfp</div>', 37, 0, '2017-04-16 13:50:04', 84),
(94, 5, '<div class="b-comment__text" >Ñ€Ð°Ð·</div>', 37, 0, '2017-04-18 16:25:37', 84),
(95, 5, '<div class="b-comment__text" >Ð´Ð²Ð°\r\n</div>', 37, 0, '2017-04-18 16:25:56', 84),
(96, 5, '<div class="b-comment__text" >Notice: Trying to get property of non-object in /home/admin/web/web-merenkov.ru/public_html/app/frontend/controllers/CommentaryController.php on line 46\r\n\r\nNotice: Undefined variable: i in /home/admin/web/web-merenkov.ru/publ', 37, 0, '2017-04-18 16:26:01', 84),
(97, 5, '</div>', 16, 0, '2017-04-18 20:42:32', 78),
(98, 5, '</div>', 16, 0, '2017-04-18 20:42:38', 0),
(99, 5, '<div class="b-comment__text" >Ñ€Ð°Ð·</div>', 21, 0, '2017-04-18 22:07:09', 32),
(100, 5, '</div>', 37, 0, '2017-04-23 15:38:38', 0),
(101, 5, '<div class="b-comment__text" >Ð¾Ñ‚Ð¿Ñ€Ð°Ð²Ð»ÑÑŽÑ‚ÑÑ Ð¿ÑƒÑÑ‚Ñ‹ ÐºÐ¾Ð¼Ð¼ÐµÐ½Ñ‚Ð°Ñ€Ð¸Ð¸</div>', 37, 0, '2017-04-23 15:38:54', 0),
(102, 5, '</div>', 8, 0, '2017-04-23 15:39:19', 0),
(103, 5, '<div class="b-comment__text" >Notice: Trying to get property of non-object in /home/admin/web/web-merenkov.ru/public_html/app/frontend/controllers/CommentaryController.php on line 359</div>', 37, 0, '2017-04-23 22:42:46', 84),
(104, 5, '<div class="b-comment__text" >Notice: Trying to get property of non-object in /home/admin/web/web-merenkov.ru/public_html/app/frontend/controllers/CommentaryController.php on line 359</div>', 37, 0, '2017-04-23 22:43:07', 84),
(105, 5, '<div class="b-comment__text" >Notice: Trying to get property of non-object in /home/admin/web/web-merenkov.ru/public_html/app/frontend/controllers/CommentaryController.php on line 359</div>', 37, 0, '2017-04-23 22:43:15', 0),
(106, 5, '<div class="b-comment__text" >Notice: Undefined variable: number in /home/admin/web/web-merenkov.ru/public_html/app/frontend/views/index/show.volt.php on line 539\r\n\r\nNotice: Undefined variable: number in /home/admin/web/web-merenkov.ru/public_html/app/fro', 37, -1, '2017-04-23 22:43:46', 0),
(107, 5, '<div class="b-comment__text" >Notice: Undefined variable: number in /home/admin/web/web-merenkov.ru/public_html/app/frontend/views/index/show.volt.php on line 539\r\n\r\nNotice: Undefined variable: number in /home/admin/web/web-merenkov.ru/public_html/app/fro', 40, 0, '2017-04-23 22:44:47', 83),
(108, 5, '<div class="b-comment__text" >111</div>', 7, -1, '2017-04-23 22:47:15', 0),
(109, 5, '<div class="b-comment__text" >Ñ„Ð¾Ñ‚ÐºÐ¸ Ð¿Ñ€Ð¸ÐºÑ€ÐµÐ¿Ð»ÐµÐ½Ð½Ð¾Ð¹ Ð½ÐµÑ‚</div>', 7, -1, '2017-04-23 22:47:35', 0),
(110, 5, '<div class="media"><img src=\'https://gif.cmtt.space/3/club/dc/16/14/faa7eff6f3f9fd.jpg\'/></div></div>', 7, 0, '2017-04-23 22:47:55', 0),
(111, 5, '</div>', 8, 0, '2017-04-23 22:50:13', 69),
(112, 5, '<div class="b-comment__text" >ÐšÐ¾Ð¼Ð¼ÐµÐ½Ñ‚Ð°Ñ€Ð¸Ð¹</div>', 106, 0, '2017-04-25 23:08:11', 0),
(113, 8, '<div class="b-comment__text" >ÐŸÑ€Ð¾Ð²ÐµÑ€ÐºÐ°\r\n</div>', 103, 0, '2017-04-26 18:44:47', 0),
(114, 8, '<div class="b-comment__text" >ÐšÐžÐ¼ÐµÐ½Ñ‚Ð°Ñ€Ð¸Ð¸ Ð¾Ñ‚ÑÑƒÑ‚ÑÑ‚Ð²ÑƒÑŽÑ‚ \r\nNotice: Undefined variable: i in /home/admin/web/web-merenkov.ru/public_html/app/frontend/controllers/CommentaryController.php on line 97\r\n\r\nNotice: Undefined variable: user_for_c', 103, 0, '2017-04-26 18:44:53', 0),
(115, 9, '</div>', 8, 0, '2017-04-27 08:53:35', 0),
(116, 9, '<div class="b-comment__text" >Ð¿ÑƒÑÑ‚Ð¾Ð¹ ÐºÐ¾Ð¼Ð¼ÐµÐ½Ñ‚Ð°Ñ€Ð¸Ð¹ Ð´Ð¾Ð±Ð°Ð²Ð»ÑÑ‚ÑŒ Ð½ÐµÐ»ÑŒÐ·Ñ</div>', 16, 0, '2017-04-27 08:54:03', 0),
(117, 9, '<div class="b-comment__text" >Ð¿Ð¾ÑÐ»Ðµ Ð¾Ñ‚Ð¿Ñ€Ð°Ð²ÐºÐ¸ ÐºÐ¾Ð¼Ð¼ÐµÐ½Ñ‚Ð° Ð¾ÑˆÐ¸Ð±ÐºÐ°\r\nNotice: Undefined variable: i in /home/admin/web/web-merenkov.ru/public_html/app/frontend/controllers/CommentaryController.php on line 97\r\n\r\nNotice: Undefined variabl', 16, 1, '2017-04-27 08:54:31', 0),
(118, 9, '<div class="b-comment__text" >Ð½ÐµÐ²Ð¾Ð·Ð¼Ð¾Ð¶Ð½Ð¾ Ð¿Ð¾ÑÑ‚Ð°Ð²Ð¸Ñ‚ÑŒ -1 Ð´Ð»Ñ ÐºÐ¾Ð¼Ð¼ÐµÐ½Ñ‚Ð°Ñ€Ð¸Ñ</div>', 16, 1, '2017-04-27 08:55:13', 0),
(119, 5, '</div>', 37, 0, '2017-05-14 21:58:07', 0),
(120, 6, '<div class="b-comment__text" >ÐºÑƒ</div>', 114, 0, '2017-05-18 23:14:53', 0),
(121, 1, '</div>', 106, 0, '2017-05-20 17:38:47', 0),
(122, 1, '<div class="b-comment__text" >tests</div>', 106, 0, '2017-05-20 17:40:24', 0),
(123, 1, '<div class="b-comment__text" >checkout\r\n</div>', 106, 0, '2017-05-20 17:40:35', 0),
(124, 1, '<div class="b-comment__text" >asdasd</div>', 106, 0, '2017-05-20 17:41:50', 0),
(125, 1, '<div class="b-comment__text" >test</div>', 106, 0, '2017-05-20 17:43:32', 0),
(126, 1, '<div class="b-comment__text" >againtest</div>', 106, 0, '2017-05-20 17:47:32', 0),
(127, 6, '<div class="b-comment__text" >Ð°Ð¿Ð¿Ð¿</div>', 115, 0, '2017-05-25 13:02:23', 0),
(128, 6, '<div class="b-comment__text" >Ðº5Ð½ÐºÐµÐ½</div>', 115, 0, '2017-05-25 13:02:33', 0),
(129, 6, '<div class="b-comment__text" >ÑƒÑƒÑƒ</div>', 116, 1, '2017-05-25 13:02:47', 0),
(130, 10, '<div class="b-comment__text" >hhh</div>', 116, 0, '2017-05-25 13:09:14', 129),
(131, 6, '<div class="b-comment__text" >qqq</div>', 116, 0, '2017-05-25 13:10:15', 130),
(132, 6, '<div class="b-comment__text" >trtgg</div>', 116, 0, '2017-05-25 13:10:27', 130),
(133, 6, '<div class="b-comment__text" >jjj</div>', 116, 0, '2017-05-25 14:27:15', 0),
(134, 6, '<div class="b-comment__text" >ÐšÐ¾Ð¼Ð¼ÐµÐ½Ñ‚Ð°Ñ€Ð¸Ð¹</div>', 109, 0, '2017-06-09 13:07:51', 0),
(135, 6, '<div class="b-comment__text" >Ñ€Ð°Ð·</div>', 5, 0, '2017-06-12 11:21:58', 7),
(136, 6, '<div class="b-comment__text" >Ñƒ</div>', 5, 0, '2017-06-12 11:22:15', 0),
(137, 10, '</div>', 116, 0, '2017-06-12 11:26:12', 133),
(138, 10, '<div class="b-comment__text" ><b>Ð¹Ð¹Ð¹</b></div>', 116, 0, '2017-06-12 11:26:35', 0),
(139, 10, '<div class="b-comment__text" ><blockquote>111</blockquote></div>', 116, 0, '2017-06-12 11:27:15', 0),
(140, 6, '</div>', 120, 0, '2017-06-12 19:15:42', 0);

-- --------------------------------------------------------

--
-- Table structure for table `commentary_answers`
--

CREATE TABLE `commentary_answers` (
  `id` int(11) NOT NULL,
  `user_id` int(11) NOT NULL,
  `commentary_id` int(11) NOT NULL,
  `text` text NOT NULL
) ENGINE=MyISAM DEFAULT CHARSET=utf8;

-- --------------------------------------------------------

--
-- Table structure for table `commentary_dislikes`
--

CREATE TABLE `commentary_dislikes` (
  `id` int(11) NOT NULL,
  `commentary_id` int(11) NOT NULL,
  `user_id` int(11) NOT NULL
) ENGINE=MyISAM DEFAULT CHARSET=utf8;

--
-- Dumping data for table `commentary_dislikes`
--

INSERT INTO `commentary_dislikes` (`id`, `commentary_id`, `user_id`) VALUES
(38, 5, 17),
(31, 7, 8),
(46, 2, 9),
(47, 6, 223),
(48, 1, 34),
(49, 106, 9),
(51, 52, 5),
(54, 44, 7),
(60, 5, 10),
(61, 6, 10),
(62, 7, 10),
(63, 8, 10),
(64, 9, 10),
(65, 10, 10);

-- --------------------------------------------------------

--
-- Table structure for table `commentary_likes`
--

CREATE TABLE `commentary_likes` (
  `id` int(11) NOT NULL,
  `user_id` int(11) NOT NULL,
  `commentary_id` int(11) NOT NULL
) ENGINE=MyISAM DEFAULT CHARSET=utf8;

--
-- Dumping data for table `commentary_likes`
--

INSERT INTO `commentary_likes` (`id`, `user_id`, `commentary_id`) VALUES
(110, 10, 13),
(109, 10, 12),
(112, 10, 11),
(114, 10, 129),
(103, 10, 5),
(102, 10, 3),
(101, 10, 120),
(100, 3, 1),
(99, 5, 1),
(97, 7, 1);

-- --------------------------------------------------------

--
-- Table structure for table `drafts`
--

CREATE TABLE `drafts` (
  `id` int(11) NOT NULL,
  `title` varchar(255) NOT NULL,
  `date_added` datetime NOT NULL,
  `text` text NOT NULL,
  `data_type_4` text NOT NULL,
  `url` varchar(255) NOT NULL,
  `user_id` int(11) NOT NULL,
  `text_limited` varchar(255) NOT NULL,
  `data_type_1` text NOT NULL,
  `data_type_2` text NOT NULL,
  `data_type_3` text NOT NULL
) ENGINE=InnoDB DEFAULT CHARSET=utf8;

--
-- Dumping data for table `drafts`
--

INSERT INTO `drafts` (`id`, `title`, `date_added`, `text`, `data_type_4`, `url`, `user_id`, `text_limited`, `data_type_1`, `data_type_2`, `data_type_3`) VALUES
(5, 'Ñ„Ñ‹Ð²Ñ‹Ñ„Ð²', '2017-02-23 18:43:51', '<div class="b-article__link">\n                <a href="https://tjournal.ru/redirect?url=http://web-merenkov.ru/add" target="_blank"><i class="icon-link"></i><span><u>http://web-merenkov.ru/add</u></span></a>\n            </div><p>Ñ„Ñ‹Ð²Ñ„Ñ‹Ð²</p>', '{"data":[{"type":"text","data":{"text":"&lt;p&gt;&lt;/p&gt;","format":"html"}}]}', '8-fivifv', 8, '<p>Ñ„Ñ‹Ð²Ñ„Ñ‹Ð²</p>', '{"data":[{"type":"link_embed_undeletable","data":{"title":"ÐÐ¾Ð²Ð¾ÑÑ‚Ð¸ Ð¸Ð½Ñ‚ÐµÑ€Ð½ÐµÑ‚Ð°: Ñ‚Ñ€ÐµÐ½Ð´Ñ‹, ÑÐºÐ°Ð½Ð´Ð°Ð»Ñ‹, Ñ‚ÐµÑ…Ð½Ð¾Ð»Ð¾Ð³Ð¸Ð¸ Ð¸ Ð¼ÐµÐ´Ð¸Ð°","url":"http://web-merenkov.ru/add","image":"no_img","description":"ÐÐ¾Ð²Ð¾ÑÑ‚Ð¸ Ð¿Ñ€Ð¾ Ð¸Ð½Ñ‚ÐµÑ€Ð½ÐµÑ‚: Ñ‚Ñ€ÐµÐ½Ð´Ñ‹, ÑÐºÐ°Ð½Ð´Ð°Ð»Ñ‹, Ñ‚ÐµÑ…Ð½Ð¾Ð»Ð¾Ð³Ð¸Ð¸ Ð¸ Ð¼ÐµÐ´Ð¸Ð°."}},{"type":"text_limited","data":{"text":"<p>Ñ„Ñ‹Ð²Ñ„Ñ‹Ð²</p>","format":"html"}}]}', '{"data":[{"type":"text","data":{"text":"&lt;p&gt;&lt;/p&gt;","format":"html"}}]}', '{"data":[{"type":"text","data":{"text":"&lt;p&gt;&lt;/p&gt;","format":"html"}},{"type":"video_extended","data":{}}]}'),
(6, 'privet', '2017-02-24 15:44:42', '<div class="b-article__link">\n                <a href="https://tjournal.ru/redirect?url=http://web-merenkov.ru/add" target="_blank"><i class="icon-link"></i><span><u>http://web-merenkov.ru/add</u></span></a>\n            </div><p>asdsadasd</p>', '{"data":[{"type":"text","data":{"text":"&lt;p&gt;&lt;/p&gt;","format":"html"}}]}', '8-privet', 8, '<p>asdsadasd</p>', '{"data":[{"type":"link_embed_undeletable","data":{"title":"ÐÐ¾Ð²Ð¾ÑÑ‚Ð¸ Ð¸Ð½Ñ‚ÐµÑ€Ð½ÐµÑ‚Ð°: Ñ‚Ñ€ÐµÐ½Ð´Ñ‹, ÑÐºÐ°Ð½Ð´Ð°Ð»Ñ‹, Ñ‚ÐµÑ…Ð½Ð¾Ð»Ð¾Ð³Ð¸Ð¸ Ð¸ Ð¼ÐµÐ´Ð¸Ð°","url":"http://web-merenkov.ru/add","image":"no_img","description":"ÐÐ¾Ð²Ð¾ÑÑ‚Ð¸ Ð¿Ñ€Ð¾ Ð¸Ð½Ñ‚ÐµÑ€Ð½ÐµÑ‚: Ñ‚Ñ€ÐµÐ½Ð´Ñ‹, ÑÐºÐ°Ð½Ð´Ð°Ð»Ñ‹, Ñ‚ÐµÑ…Ð½Ð¾Ð»Ð¾Ð³Ð¸Ð¸ Ð¸ Ð¼ÐµÐ´Ð¸Ð°."}},{"type":"text_limited","data":{"text":"<p>asdsadasd</p>","format":"html"}}]}', '{"data":[{"type":"text","data":{"text":"&lt;p&gt;&lt;/p&gt;","format":"html"}}]}', '{"data":[{"type":"text","data":{"text":"&lt;p&gt;&lt;/p&gt;","format":"html"}},{"type":"video_extended","data":{}}]}'),
(7, 'Ñ„Ñ‹Ð²Ñ„Ñ‹Ð²', '2017-02-24 17:28:32', '<p>Ð²Ñ„Ñ‹Ð²Ñ„Ñ‹Ð²</p>', '{"data":[{"type":"text","data":{"text":"<p>Ð²Ñ„Ñ‹Ð²Ñ„Ñ‹Ð²</p>","format":"html"}}]}', '9-fivfiv', 9, '<p>Ð²Ñ„Ñ‹Ð²Ñ„Ñ‹Ð²</p>', '{"data":[{"type":"link_embed_undeletable","data":{}},{"type":"text_limited","data":{"text":"&lt;p&gt;&lt;/p&gt;","format":"html"}}]}', '{"data":[{"type":"text","data":{"text":"&lt;p&gt;&lt;/p&gt;","format":"html"}}]}', '{"data":[{"type":"text","data":{"text":"&lt;p&gt;&lt;/p&gt;","format":"html"}},{"type":"video_extended","data":{}}]}'),
(8, '1111', '2017-02-25 19:23:27', '<div class="b-article__link">\n                <a href="https://tjournal.ru/redirect?url=http://web-merenkov.ru/add" target="_blank"><i class="icon-link"></i><span><u>http://web-merenkov.ru/add</u></span></a>\n            </div><p>http://web-merenkov.ru/add</p>', '{"data":[{"type":"text","data":{"text":"&lt;p&gt;&lt;/p&gt;","format":"html"}}]}', '7-1111', 7, '<p>http://web-merenkov.ru/add</p>', '{"data":[{"type":"link_embed_undeletable","data":{"title":"ÐÐ¾Ð²Ð¾ÑÑ‚Ð¸ Ð¸Ð½Ñ‚ÐµÑ€Ð½ÐµÑ‚Ð°: Ñ‚Ñ€ÐµÐ½Ð´Ñ‹, ÑÐºÐ°Ð½Ð´Ð°Ð»Ñ‹, Ñ‚ÐµÑ…Ð½Ð¾Ð»Ð¾Ð³Ð¸Ð¸ Ð¸ Ð¼ÐµÐ´Ð¸Ð°","url":"http://web-merenkov.ru/add","image":"no_img","description":"ÐÐ¾Ð²Ð¾ÑÑ‚Ð¸ Ð¿Ñ€Ð¾ Ð¸Ð½Ñ‚ÐµÑ€Ð½ÐµÑ‚: Ñ‚Ñ€ÐµÐ½Ð´Ñ‹, ÑÐºÐ°Ð½Ð´Ð°Ð»Ñ‹, Ñ‚ÐµÑ…Ð½Ð¾Ð»Ð¾Ð³Ð¸Ð¸ Ð¸ Ð¼ÐµÐ´Ð¸Ð°."}},{"type":"text_limited","data":{"text":"<p>http://web-merenkov.ru/add</p>","format":"html"}}]}', '{"data":[{"type":"text","data":{"text":"&lt;p&gt;&lt;/p&gt;","format":"html"}}]}', '{"data":[{"type":"text","data":{"text":"&lt;p&gt;&lt;/p&gt;","format":"html"}},{"type":"video_extended","data":{}}]}'),
(9, '111111111111', '2017-03-05 20:02:48', '<p>111111111111111111111111</p>', '{"data":[{"type":"text","data":{"text":"<p>111111111111111111111111</p>","format":"html"}}]}', '22-111111111111', 22, '<p>111111111111111111111111</p>', '{"data":[{"type":"link_embed_undeletable","data":{}},{"type":"text_limited","data":{"text":"&lt;p&gt;&lt;/p&gt;","format":"html"}}]}', '{"data":[{"type":"text","data":{"text":"&lt;p&gt;&lt;/p&gt;","format":"html"}}]}', '{"data":[{"type":"text","data":{"text":"&lt;p&gt;&lt;/p&gt;","format":"html"}},{"type":"video_extended","data":{}}]}'),
(10, '11111111111111111', '2017-03-05 20:04:17', '<p>111111111111111</p><span class=\'instagram_url\'>https://www.instagram.com/p/BRQk_DYBl_X/?taken-by=karolina_merkushina</span>', '{"data":[{"type":"text","data":{"text":"<p>111111111111111</p>","format":"html"}},{"type":"instagram","data":{"instagram_url":"https://www.instagram.com/p/BRQk_DYBl_X/?taken-by=karolina_merkushina"}}]}', '22-11111111111111111', 22, '<p>111111111111111</p>', '{"data":[{"type":"link_embed_undeletable","data":{}},{"type":"text_limited","data":{"text":"&lt;p&gt;&lt;/p&gt;","format":"html"}}]}', '{"data":[{"type":"text","data":{"text":"&lt;p&gt;&lt;/p&gt;","format":"html"}}]}', '{"data":[{"type":"text","data":{"text":"&lt;p&gt;&lt;/p&gt;","format":"html"}},{"type":"video_extended","data":{}}]}'),
(11, 'eteryer', '2017-03-10 09:40:14', '<p>yeryeryre</p><span class=\'instagram_url\'>https://www.instagram.com/p/BRTet1Ghm49/?taken-by=karolina_merkushina</span>', '{"data":[{"type":"text","data":{"text":"<p>yeryeryre</p>","format":"html"}},{"type":"instagram","data":{"instagram_url":"https://www.instagram.com/p/BRTet1Ghm49/?taken-by=karolina_merkushina"}}]}', '7-eteryer', 7, '<p>yeryeryre</p>', '{"data":[{"type":"link_embed_undeletable","data":{}},{"type":"text_limited","data":{"text":"&lt;p&gt;&lt;/p&gt;","format":"html"}}]}', '{"data":[{"type":"text","data":{"text":"&lt;p&gt;&lt;/p&gt;","format":"html"}}]}', '{"data":[{"type":"text","data":{"text":"&lt;p&gt;&lt;/p&gt;","format":"html"}},{"type":"video_extended","data":{}}]}'),
(12, 'dsgsdgsdg', '2017-05-23 20:47:00', '<div class="b-article__link">\n                <a href="https://tjournal.ru/redirect?url=http://web-merenkov.ru/add" target="_blank"><i class="icon-link"></i><span><u>http://web-merenkov.ru/add</u></span></a>\n            </div><p>rthrtrturtu</p>', '{"data":[{"type":"text","data":{"text":"&lt;p&gt;&lt;/p&gt;","format":"html"}}]}', '5-dsgsdgsdg', 5, '<p>rthrtrturtu</p>', '{"data":[{"type":"link_embed_undeletable","data":{"title":"ÐÐ¾Ð²Ð¾ÑÑ‚Ð¸ Ð¸Ð½Ñ‚ÐµÑ€Ð½ÐµÑ‚Ð°: Ñ‚Ñ€ÐµÐ½Ð´Ñ‹, ÑÐºÐ°Ð½Ð´Ð°Ð»Ñ‹, Ñ‚ÐµÑ…Ð½Ð¾Ð»Ð¾Ð³Ð¸Ð¸ Ð¸ Ð¼ÐµÐ´Ð¸Ð°","url":"http://web-merenkov.ru/add","image":"no_img","description":"ÐÐ¾Ð²Ð¾ÑÑ‚Ð¸ Ð¿Ñ€Ð¾ Ð¸Ð½Ñ‚ÐµÑ€Ð½ÐµÑ‚: Ñ‚Ñ€ÐµÐ½Ð´Ñ‹, ÑÐºÐ°Ð½Ð´Ð°Ð»Ñ‹, Ñ‚ÐµÑ…Ð½Ð¾Ð»Ð¾Ð³Ð¸Ð¸ Ð¸ Ð¼ÐµÐ´Ð¸Ð°."}},{"type":"text_limited","data":{"text":"<p>rthrtrturtu</p>","format":"html"}}]}', '{"data":[{"type":"text","data":{"text":"&lt;p&gt;&lt;/p&gt;","format":"html"}}]}', '{"data":[{"type":"text","data":{"text":"&lt;p&gt;&lt;/p&gt;","format":"html"}},{"type":"video_extended","data":{}}]}');

-- --------------------------------------------------------

--
-- Table structure for table `hybridauth`
--

CREATE TABLE `hybridauth` (
  `id` int(11) NOT NULL,
  `user_id` varchar(255) NOT NULL,
  `provider` varchar(255) NOT NULL,
  `identifier` varchar(255) NOT NULL,
  `email` varchar(255) NOT NULL,
  `hybridauth_session` text NOT NULL,
  `updated_at` timestamp NOT NULL DEFAULT CURRENT_TIMESTAMP,
  `user_ip` varchar(255) NOT NULL,
  `user_login` int(11) NOT NULL,
  `user_name` varchar(25) NOT NULL,
  `user_surname` varchar(25) NOT NULL,
  `date_added` datetime NOT NULL,
  `display_name` varchar(255) NOT NULL,
  `user_group` int(11) NOT NULL
) ENGINE=MyISAM DEFAULT CHARSET=utf8;

--
-- Dumping data for table `hybridauth`
--

INSERT INTO `hybridauth` (`id`, `user_id`, `provider`, `identifier`, `email`, `hybridauth_session`, `updated_at`, `user_ip`, `user_login`, `user_name`, `user_surname`, `date_added`, `display_name`, `user_group`) VALUES
(1, 'c295a0f8119d57ce735a1e404f923d59', 'google', '110888185253240509596', 'olsovka@gmail.com', '', '2017-06-10 13:38:04', '193.70.60.118', 0, 'Vlad', 'Golovash', '2017-04-06 16:58:48', 'Vlad Golovash', 0),
(2, '7355c215a62b0ab37e2f644b82251b38', 'twitter', '788455909471182852', ' ', '', '2017-04-06 14:02:02', '193.70.60.118', 0, 'Nikto', ' ', '2017-04-06 17:02:02', 'Somarkit', 0),
(3, 'af8b3d7bae651ac2263f31c9850d1227', 'vkontakte', '5138937', ' ', '', '2017-04-06 14:02:48', '193.70.60.118', 0, 'Vladislav', 'Golovash', '2017-04-06 17:02:48', 'chelovekofob', 0),
(4, '833fa9ea9f580326ea4d7c8b58943298', 'google', '101260642185629701777', 'merenkovkonst@gmail.com', '', '2017-05-22 15:48:45', '193.70.60.118', 0, 'Konstantin', 'Merenkov', '2017-04-06 17:02:52', 'Konstantin Merenkov', 0),
(5, '2e58289a47121389a792fdbe86b40c1f', 'vkontakte', '206731658', ' ', '', '2017-06-16 09:37:18', '193.70.60.118', 0, 'Ð¡ÐµÑ€Ð³ÐµÐ¹', 'ÐšÐ°Ñ‚Ð°Ð»ÑŒÐ½Ð¸ÐºÐ¾Ð²', '2017-04-06 17:05:04', 's_katala', 0),
(6, '75165cc5aafe44ce8492e1b3228a38ea', 'facebook', '598703840335692', ' ', '', '2017-06-17 17:07:45', '193.70.60.118', 1, 'Sergey', 'Katalnikov', '2017-04-12 17:20:33', 'Sergey Katalnikov', 0),
(7, '7be3a1b1c6609d1cd3c69823d3c896eb', 'vkontakte', '86011687', ' ', '', '2017-05-28 18:12:56', '193.70.60.118', 0, 'ÐšÐ¾Ð½ÑÑ‚Ð°Ð½Ñ‚Ð¸Ð½', 'ÐœÐµÑ€ÐµÐ½ÐºÐ¾Ð²', '2017-04-23 11:34:13', 'misterakson', 0),
(8, '8372469a3fdaeedf1830e203a5e7e0fa', 'vkontakte', '313813451', ' ', '', '2017-04-26 18:18:28', '193.70.60.118', 0, 'ÐÐ½Ð°ÑÑ‚Ð°ÑÐ¸Ñ', 'ÐšÐ°Ñ‚Ð°Ð»ÑŒÐ½Ð¸ÐºÐ¾Ð²Ð°', '2017-04-26 17:21:54', 'a_katala', 0),
(9, '922edf461190834c0379fb8d62bd52fe', 'google', '111574178582701189406', 'katalnikova2017@gmail.com', '', '2017-05-24 08:22:49', '193.70.60.118', 0, 'ÐÐ½Ð°ÑÑ‚Ð°ÑÐ¸Ñ', 'ÐšÐ°Ñ‚Ð°Ð»ÑŒÐ½Ð¸ÐºÐ¾Ð²Ð°', '2017-04-26 21:18:51', 'ÐÐ½Ð°ÑÑ‚Ð°ÑÐ¸Ñ ÐšÐ°Ñ‚Ð°Ð»ÑŒÐ½Ð¸ÐºÐ¾Ð²Ð°', 0),
(10, '11dc17de6e0dcde9c45ff6e9aae80534', 'twitter', '867295230898434049', ' ', '', '2017-06-12 09:51:57', '193.70.60.118', 0, 'Ð¡ÐµÑ€Ð³ÐµÐ¹ ÐšÐ°Ñ‚Ð°Ð»ÑŒ', ' ', '2017-05-24 11:26:02', 'Joornal_ru', 0),
(11, '240b7bb2d7e7f31274c1bc9a09899f2a', 'facebook', '1776439132670373', ' ', '', '2017-06-09 06:18:07', '193.70.60.118', 0, 'ÐžÑ‚Ð°Ñ€', 'Ð‘ÐµÑ€Ð¸Ð´Ð·Ðµ', '2017-06-06 20:48:41', 'ÐžÑ‚Ð°Ñ€ Ð‘ÐµÑ€Ð¸Ð´Ð·Ðµ', 0);

-- --------------------------------------------------------

--
-- Table structure for table `likes`
--

CREATE TABLE `likes` (
  `likes_id` int(11) NOT NULL,
  `user_id` int(11) NOT NULL,
  `news_id` int(11) NOT NULL
) ENGINE=MyISAM DEFAULT CHARSET=utf8;

-- --------------------------------------------------------

--
-- Table structure for table `news`
--

CREATE TABLE `news` (
  `news_id` int(11) NOT NULL,
  `news_title` varchar(255) NOT NULL,
  `news_limited` varchar(255) NOT NULL,
  `news_text` text NOT NULL,
  `news_like` int(11) NOT NULL,
  `news_url` varchar(255) NOT NULL,
  `news_date` datetime NOT NULL,
  `user_id` int(11) NOT NULL,
  `news_type` varchar(70) NOT NULL,
  `news_watched` int(11) NOT NULL,
  `news_img` varchar(255) NOT NULL,
  `img_cover_url` varchar(255) NOT NULL,
  `total_comments` int(11) NOT NULL,
  `news_video_cover` varchar(255) NOT NULL DEFAULT '0',
  `activated` int(11) DEFAULT '0'
) ENGINE=MyISAM DEFAULT CHARSET=utf8;

--
-- Dumping data for table `news`
--

INSERT INTO `news` (`news_id`, `news_title`, `news_limited`, `news_text`, `news_like`, `news_url`, `news_date`, `user_id`, `news_type`, `news_watched`, `news_img`, `img_cover_url`, `total_comments`, `news_video_cover`, `activated`) VALUES
(6, 'safsgsdgsdgsdgsdgsdgsg', '<p>http://web-merenkov.ru/add</p>', '<div class="b-article__title">\n            <i class="icon-star " data-objecttype="5" data-objectid="40285"></i>\n            <h1>safsgsdgsdgsdgsdgsdgsg</h1>\n                </div><div class="b-article__link">\n                <a href="https://tjournal.ru/redirect?url=http://web-merenkov.ru/add" target="_blank"><i class="icon-link"></i><span><u>http://web-merenkov.ru/add</u></span></a>\n            </div><p>http://web-merenkov.ru/add</p>', 1, '7-safsgsdgsdgsdgsdgsdgsg', '2017-02-18 22:41:24', 7, 'news', 81, '', '0', 0, '0', 0),
(7, 'safsgsdgsdgsdgsdgsdgsg', '<p>http://web-merenkov.ru/add</p>', '<div class="b-article__title">\n            <i class="icon-star " data-objecttype="5" data-objectid="40285"></i>\n            <h1>safsgsdgsdgsdgsdgsdgsg</h1>\n                </div><div class="b-article__link">\n                <a href="https://tjournal.ru/redirect?url=http://web-merenkov.ru/add" target="_blank"><i class="icon-link"></i><span><u>http://web-merenkov.ru/add</u></span></a>\n            </div><p>http://web-merenkov.ru/add</p>', -2, '7-safsgsdgsdgsdgsdgsdgsg', '2017-02-17 22:41:48', 7, 'news', 32, '', '0', 0, '0', 0),
(5, 'Ð—Ð°Ð³Ð¾Ð»Ð¾Ð²Ð¾Ðº Ñ‚ÐµÑÑ‚', '<p>Ð¢ÐµÑÑ‚ Ð½Ð¾Ð²Ð¾ÑÑ‚Ð¸ Ð¿Ñ€Ð¸Ð²ÐµÑ‚</p>', '<div class="b-article__title">\n            <i class="icon-star " data-objecttype="5" data-objectid="40285"></i>\n            <h1>Ð—Ð°Ð³Ð¾Ð»Ð¾Ð²Ð¾Ðº Ñ‚ÐµÑÑ‚</h1>\n                </div><p>Ð¢ÐµÑÑ‚ Ð½Ð¾Ð²Ð¾ÑÑ‚Ð¸ Ð¿Ñ€Ð¸Ð²ÐµÑ‚</p>', 1, '8-zagolovok-test', '2017-01-27 05:16:32', 8, 'offtop', 304, '', '0', 1, '0', 0),
(8, 'Here is the title', '<p>Short description ok?</p>', '<div class="b-article__title">\n            <i class="icon-star " data-objecttype="5" data-objectid="40285"></i>\n            <h1>Here is the title</h1>\n                </div><div class="b-article__link">\n                <a href="https://tjournal.ru/redirect?url=https://newsone.ua/ru/sbu-blokada-donbassa-uzhe-nanesla-gosudarstvu-uron-v-35-millionov-griven/" target="_blank"><i class="icon-link"></i><span><u>https://newsone.ua/ru/sbu-blokada-donbassa-uzhe-nanesla-gosudarstvu-uron-v-35-millionov-griven/</u></span></a>\n            </div><p>Short description ok?</p><div class="wrapper-image">\n        <div class="wrapper-label">\n            <div class="wrapper-wide">\n                                            <a href="img/downloads/delux_cart.png" class="fancybox">\n                            <img src="img/downloads/delux_cart.png" width="100%">\n                        </a>\n            </div>\n                            <span></span>\n        </div>\n    </div>', 1, '9-here-is-the-title', '2017-01-30 15:13:10', 9, 'news', 73, '', '0', 0, '0', 0),
(9, 'Ð—Ð°Ð³Ð¾Ð»Ð¾Ð²Ð¾Ðº 1', '<p>Ð¢ÐµÐºÑ Ð¿Ð¾Ð´ Ð·Ð°Ð³Ð¾Ð»Ð¾Ð²ÐºÐ¾Ð¼ 1</p>', '<div class="b-article__title">\n            <i class="icon-star " data-objecttype="5" data-objectid="40285"></i>\n            <h1>Ð—Ð°Ð³Ð¾Ð»Ð¾Ð²Ð¾Ðº 1</h1>\n                </div><p>Ð¢ÐµÐºÑ Ð¿Ð¾Ð´ Ð·Ð°Ð³Ð¾Ð»Ð¾Ð²ÐºÐ¾Ð¼ 1</p><blockquote class="q-1"><p>Ð¯ Ð·Ð½Ð°ÑŽ Ñ‚Ð¾Ð»ÑŒÐºÐ¾ Ñ‚Ð¾, Ñ‡Ñ‚Ð¾ Ð½Ð¸Ñ‡ÐµÐ³Ð¾ Ð½Ðµ Ð·Ð½Ð°ÑŽ</p>\n        <strong></strong>\n    </blockquote><>Ð—Ð°Ð³Ð¾Ð»Ð¾Ð²Ð¾Ðº 2</><p>Ð¢ÐµÐºÑÑ‚ 2</p>', -3, '9-zagolovok-1', '2017-01-30 15:16:37', 9, 'offtop', 43, '', '0', 0, '0', 0),
(10, 'Ð¡Ð»Ð°Ð¹Ð´ÐµÑ€', '<p>Ð¢ÐµÐºÑÑ‚ Ð½Ð°Ð´ ÑÐ»Ð°Ð¹Ð´ÐµÑ€Ð¾Ð¼</p>', '<div class="b-article__title">\n            <i class="icon-star " data-objecttype="5" data-objectid="40285"></i>\n            <h1>Ð¡Ð»Ð°Ð¹Ð´ÐµÑ€</h1>\n                </div><p>Ð¢ÐµÐºÑÑ‚ Ð½Ð°Ð´ ÑÐ»Ð°Ð¹Ð´ÐµÑ€Ð¾Ð¼</p>', -2, '9-slaider', '2017-01-30 17:00:52', 9, 'offtop', 31, '', '0', 0, '0', 0),
(11, 'TEST', '<p>test gallery 2 </p>', '<div class="b-article__title">\n            <i class="icon-star " data-objecttype="5" data-objectid="40285"></i>\n            <h1>TEST</h1>\n                </div><p>test gallery 2 </p><div class="wrapper-image">\n        <div class="wrapper-label">\n            <div class="wrapper-wide">\n                                            <a href="/img/downloads/advantage1.png" class="fancybox">\n                            <img src="/img/downloads/advantage1.png" width="100%">\n                        </a>\n            </div>\n                            <span>PRIVET</span>\n        </div>\n    </div><div class="wrapper-image">\n        <div class="wrapper-label">\n            <div class="wrapper-wide">\n                                            <a href="/img/downloads/advantage2.png" class="fancybox">\n                            <img src="/img/downloads/advantage2.png" width="100%">\n                        </a>\n            </div>\n                            <span>EWE ODNA</span>\n        </div>\n    </div><div class="wrapper-image">\n        <div class="wrapper-label">\n            <div class="wrapper-wide">\n                                            <a href="/img/downloads/advantage3.png" class="fancybox">\n                            <img src="/img/downloads/advantage3.png" width="100%">\n                        </a>\n            </div>\n                            <span>PRIV</span>\n        </div>\n    </div>', 23, '8-test', '2017-01-18 21:36:55', 8, 'offtop', 934, '', '0', 0, '0', 0),
(12, 'Ð—Ð°Ð³Ð¾Ð»Ð¾Ð²Ð¾Ðº ÑÑ‚Ð°Ñ‚ÑŒÐ¸', '<p>Ð¢ÐµÐºÑÑ‚ ÑÑ‚Ð°Ñ‚ÑŒÐ¸</p>', '<div class="b-article__title">\n            <i class="icon-star " data-objecttype="5" data-objectid="40285"></i>\n            <h1>Ð—Ð°Ð³Ð¾Ð»Ð¾Ð²Ð¾Ðº ÑÑ‚Ð°Ñ‚ÑŒÐ¸</h1>\n                </div><p>Ð¢ÐµÐºÑÑ‚ ÑÑ‚Ð°Ñ‚ÑŒÐ¸</p><blockquote class="q-1"><p>ÐÐ°Ð·Ð²Ð°Ð½Ð¸Ðµ Ñ†Ð¸Ñ‚Ð°Ñ‚Ñ‹</p>\n        <strong></strong>\n    </blockquote><div class="b-article__link">\n                <a href="https://tjournal.ru/redirect?url=http://web-merenkov.ru/add" target="_blank"><i class="icon-link"></i><span><u>http://web-merenkov.ru/add</u></span></a>\n            </div><div class="wrapper-image">\n        <div class="wrapper-label">\n            <div class="wrapper-wide">\n                                            <a href="/img/downloads/9e0da19d0425616baa93863ca1a69d8a.jpg" class="fancybox">\n                            <img src="/img/downloads/9e0da19d0425616baa93863ca1a69d8a.jpg" width="100%">\n                        </a>\n            </div>\n                            <span>ÐŸÐ¾Ð´Ð¿Ð¸ÑÑŒ Ñ„Ð¾Ñ‚Ð¾</span>\n        </div>\n    </div>', 1, '7-zagolovok-stati', '2017-02-01 11:46:08', 7, 'article', 534, '', '0', 0, '0', 0),
(13, 'Ð—Ð°Ð³Ð¾Ð»Ð¾Ð²Ð¾Ðº ÑÑ‚Ð°Ñ‚ÑŒÐ¸', '<p>Ð¢ÐµÐºÑÑ‚ ÑÑ‚Ð°Ñ‚ÑŒÐ¸</p>', '<div class="b-article__title">\n            <i class="icon-star " data-objecttype="5" data-objectid="40285"></i>\n            <h1>Ð—Ð°Ð³Ð¾Ð»Ð¾Ð²Ð¾Ðº ÑÑ‚Ð°Ñ‚ÑŒÐ¸</h1>\n                </div><p>Ð¢ÐµÐºÑÑ‚ ÑÑ‚Ð°Ñ‚ÑŒÐ¸</p><blockquote class="q-1"><p>ÐÐ°Ð·Ð²Ð°Ð½Ð¸Ðµ Ñ†Ð¸Ñ‚Ð°Ñ‚Ñ‹</p>\n        <strong></strong>\n    </blockquote><div class="b-article__link">\n                <a href="https://tjournal.ru/redirect?url=http://web-merenkov.ru/add" target="_blank"><i class="icon-link"></i><span><u>http://web-merenkov.ru/add</u></span></a>\n            </div><div class="wrapper-image">\n        <div class="wrapper-label">\n            <div class="wrapper-wide">\n                                            <a href="/img/downloads/9e0da19d0425616baa93863ca1a69d8a.jpg" class="fancybox">\n                            <img src="/img/downloads/9e0da19d0425616baa93863ca1a69d8a.jpg" width="100%">\n                        </a>\n            </div>\n                            <span>ÐŸÐ¾Ð´Ð¿Ð¸ÑÑŒ Ñ„Ð¾Ñ‚Ð¾</span>\n        </div>\n    </div>', 0, '7-zagolovok-stati', '2017-02-01 11:46:18', 7, 'article', 51, '', '0', 0, '0', 0),
(14, 'Ð—Ð°Ð³Ð¾Ð»Ð¾Ð²Ð¾Ðº ÑÑ‚Ð°Ñ‚ÑŒÐ¸', '<p>Ð¢ÐµÐºÑÑ‚ ÑÑ‚Ð°Ñ‚ÑŒÐ¸</p>', '<div class="b-article__title">\n            <i class="icon-star " data-objecttype="5" data-objectid="40285"></i>\n            <h1>Ð—Ð°Ð³Ð¾Ð»Ð¾Ð²Ð¾Ðº ÑÑ‚Ð°Ñ‚ÑŒÐ¸</h1>\n                </div><p>Ð¢ÐµÐºÑÑ‚ ÑÑ‚Ð°Ñ‚ÑŒÐ¸</p><blockquote class="q-1"><p>ÐÐ°Ð·Ð²Ð°Ð½Ð¸Ðµ Ñ†Ð¸Ñ‚Ð°Ñ‚Ñ‹</p>\n        <strong></strong>\n    </blockquote><div class="b-article__link">\n                <a href="https://tjournal.ru/redirect?url=http://web-merenkov.ru/add" target="_blank"><i class="icon-link"></i><span><u>http://web-merenkov.ru/add</u></span></a>\n            </div><div class="wrapper-image">\n        <div class="wrapper-label">\n            <div class="wrapper-wide">\n                                            <a href="/img/downloads/9e0da19d0425616baa93863ca1a69d8a.jpg" class="fancybox">\n                            <img src="/img/downloads/9e0da19d0425616baa93863ca1a69d8a.jpg" width="100%">\n                        </a>\n            </div>\n                            <span>ÐŸÐ¾Ð´Ð¿Ð¸ÑÑŒ Ñ„Ð¾Ñ‚Ð¾</span>\n        </div>\n    </div><div class="wrapper-image">\n        <div class="wrapper-label">\n            <div class="wrapper-wide">\n                                            <a href="/img/downloads/9e0da19d0425616baa93863ca1a69d8a.jpg" class="fancybox">\n                            <img src="/img/downloads/9e0da19d0425616baa93863ca1a69d8a.jpg" width="100%">\n                        </a>\n            </div>\n                            <span></span>\n        </div>\n    </div>', -2, '7-zagolovok-stati', '2017-02-01 11:47:53', 7, 'article', 50, '', '0', 0, '0', 0),
(15, 'Ð—Ð°Ð³Ð¾Ð»Ð¾Ð²Ð¾Ðº ÑÑ‚Ð°Ñ‚ÑŒÐ¸', '<p>Ð¢ÐµÐºÑÑ‚ ÑÑ‚Ð°Ñ‚ÑŒÐ¸</p>', '<div class="b-article__title">\n            <i class="icon-star " data-objecttype="5" data-objectid="40285"></i>\n            <h1>Ð—Ð°Ð³Ð¾Ð»Ð¾Ð²Ð¾Ðº ÑÑ‚Ð°Ñ‚ÑŒÐ¸</h1>\n                </div><p>Ð¢ÐµÐºÑÑ‚ ÑÑ‚Ð°Ñ‚ÑŒÐ¸</p><blockquote class="q-1"><p>ÐÐ°Ð·Ð²Ð°Ð½Ð¸Ðµ Ñ†Ð¸Ñ‚Ð°Ñ‚Ñ‹</p>\n        <strong></strong>\n    </blockquote><div class="b-article__link">\n                <a href="https://tjournal.ru/redirect?url=http://web-merenkov.ru/add" target="_blank"><i class="icon-link"></i><span><u>http://web-merenkov.ru/add</u></span></a>\n            </div><div class="wrapper-image">\n        <div class="wrapper-label">\n            <div class="wrapper-wide">\n                                            <a href="/img/downloads/9e0da19d0425616baa93863ca1a69d8a.jpg" class="fancybox">\n                            <img src="/img/downloads/9e0da19d0425616baa93863ca1a69d8a.jpg" width="100%">\n                        </a>\n            </div>\n                            <span>ÐŸÐ¾Ð´Ð¿Ð¸ÑÑŒ Ñ„Ð¾Ñ‚Ð¾</span>\n        </div>\n    </div><div class="wrapper-image">\n        <div class="wrapper-label">\n            <div class="wrapper-wide">\n                                            <a href="/img/downloads/9e0da19d0425616baa93863ca1a69d8a.jpg" class="fancybox">\n                            <img src="/img/downloads/9e0da19d0425616baa93863ca1a69d8a.jpg" width="100%">\n                        </a>\n            </div>\n                            <span></span>\n        </div>\n    </div><div class="wrapper-wide">\n                    \n            <div class="wrapper-video">\n                <iframe src="https://www.youtube.com/watch?v=pO4JgrynohM" width="800" height="450" frameborder="0" allowfullscreen=""></iframe>\n            </div>\n\n            </div>', 1, '7-zagolovok-stati', '2017-02-01 11:50:32', 7, 'article', 49, '', '0', 0, '0', 0),
(16, 'Ð—Ð°Ð³Ð¾Ð»Ð¾Ð²Ð¾Ðº ÑÑ‚Ð°Ñ‚ÑŒÐ¸', '<p>Ð¢ÐµÐºÑÑ‚ ÑÑ‚Ð°Ñ‚ÑŒÐ¸</p>', '<div class="b-article__title">\n            <i class="icon-star " data-objecttype="5" data-objectid="40285"></i>\n            <h1>Ð—Ð°Ð³Ð¾Ð»Ð¾Ð²Ð¾Ðº ÑÑ‚Ð°Ñ‚ÑŒÐ¸</h1>\n                </div><p>Ð¢ÐµÐºÑÑ‚ ÑÑ‚Ð°Ñ‚ÑŒÐ¸</p><blockquote class="q-1"><p>ÐÐ°Ð·Ð²Ð°Ð½Ð¸Ðµ Ñ†Ð¸Ñ‚Ð°Ñ‚Ñ‹</p>\n        <strong></strong>\n    </blockquote><div class="b-article__link">\n                <a href="https://tjournal.ru/redirect?url=http://web-merenkov.ru/add" target="_blank"><i class="icon-link"></i><span><u>http://web-merenkov.ru/add</u></span></a>\n            </div><div class="wrapper-image">\n        <div class="wrapper-label">\n            <div class="wrapper-wide">\n                                            <a href="/img/downloads/9e0da19d0425616baa93863ca1a69d8a.jpg" class="fancybox">\n                            <img src="/img/downloads/9e0da19d0425616baa93863ca1a69d8a.jpg" width="100%">\n                        </a>\n            </div>\n                            <span>ÐŸÐ¾Ð´Ð¿Ð¸ÑÑŒ Ñ„Ð¾Ñ‚Ð¾</span>\n        </div>\n    </div><div class="wrapper-image">\n        <div class="wrapper-label">\n            <div class="wrapper-wide">\n                                            <a href="/img/downloads/9e0da19d0425616baa93863ca1a69d8a.jpg" class="fancybox">\n                            <img src="/img/downloads/9e0da19d0425616baa93863ca1a69d8a.jpg" width="100%">\n                        </a>\n            </div>\n                            <span></span>\n        </div>\n    </div><div class="wrapper-wide">\n                    \n            <div class="wrapper-video">\n                <iframe src="https://www.youtube.com/watch?v=pO4JgrynohM" width="800" height="450" frameborder="0" allowfullscreen=""></iframe>\n            </div>\n\n            </div>', 3, '7-zagolovok-stati', '2017-02-01 11:51:58', 7, 'article', 48, '', '0', 0, '0', 0),
(17, '111', '<p>111</p>', '<div class="b-article__title">\n            <i class="icon-star " data-objecttype="5" data-objectid="40285"></i>\n            <h1>111</h1>\n                </div><p>111</p><div class="wrapper-wide">\n                    \n            <div class="wrapper-video">\n                <iframe src="https://www.youtube.com/watch?v=E2eEDUenj90" width="800" height="450" frameborder="0" allowfullscreen=""></iframe>\n            </div>\n\n            </div>', 3, '7-111', '2017-02-01 11:56:10', 7, 'video', 149, '', '0', 0, '0', 0),
(18, 'ÐŸÑ€Ð¾Ð²ÐµÑ€ÐºÐ° Ð—Ð°Ð³Ð¾Ð»Ð¾Ð²ÐºÐ°', '<p>Ñ‚ÐµÐºÑÑ‚</p>', '<div class="b-article__link">\n                <a href="https://tjournal.ru/redirect?url=https://news.yandex.ru/yandsearch?cl4url=www.gazeta.ru/auto/news/2017/02/01/n_9635645.shtml" target="_blank"><i class="icon-link"></i><span><u>https://news.yandex.ru/yandsearch?cl4url=www.gazeta.ru/auto/news/2017/02/01/n_9635645.shtml</u></span></a>\n            </div><p>Ñ‚ÐµÐºÑÑ‚</p><div class="wrapper-image">\n        <div class="wrapper-label">\n            <div class="wrapper-wide">\n                                            <a href="/img/downloads/9e0da19d0425616baa93863ca1a69d8a.jpg" class="fancybox">\n                            <img src="/img/downloads/9e0da19d0425616baa93863ca1a69d8a.jpg" width="100%">\n                        </a>\n            </div>\n                            <span></span>\n        </div>\n    </div>', 1, '7-proverka-zagolovka', '2017-02-01 17:55:22', 7, 'news', 35, '', '0', 0, '0', 0),
(19, 'TEST VIDEO', '<p>stest</p>', '<p>stest</p><div class="wrapper-wide">\n                    \n            <div class="wrapper-video">\n                <iframe src="http://www.youtube.com/embed/SQ084EiPANY" width="800" height="450" frameborder="0" allowfullscreen=""></iframe>\n            </div>\n\n            </div>', 2, '8-test-video', '2017-02-01 18:13:39', 8, 'video', 71, '', '0', 0, '0', 0),
(46, 'Ã ÃÂ£ÃÂ¡ÃÂ¡ÃÅ¡ÃËœÃâ€¢ Ãâ€˜ÃÂ£ÃÅ¡Ãâ€™ÃÂ« ÃÂ¡ÃÂ¢ÃÅ¾ÃÅ¾ÃÅ¾ ÃÂ¢Ãâ€¢ÃÅ¡ÃÂ¡ÃÂ¢ Ãâ€ºÃÅ¾Ãâ€ºÃÅ¾Ãâ€ºÃÅ¾Ãâ€ºÃÅ¾Ãâ€ºÃÅ¾Ãâ€ºÃÅ¾Ãâ€ºÃÅ¾Ãâ€ºÃÅ¾Ãâ€ºÃÅ¾Ãâ€ºÃÅ¾', '<p>11111111111111</p>', '<div class="b-article__link">\n                <a href="https://tjournal.ru/redirect?url=http://web-merenkov.ru/add" target="_blank"><i class="icon-link"></i><span><u>http://web-merenkov.ru/add</u></span></a>\n            </div><p>11111111111111</p>', -2, '7', '2017-02-26 15:59:57', 7, 'news', 40, '', '0', 0, '0', 0),
(47, 'test_vimeo_again', '<p>asdasdasd</p>', '<div class="b-article__link">\n                <a href="https://tjournal.ru/redirect?url=http://web-merenkov.ru/add" target="_blank"><i class="icon-link"></i><span><u>http://web-merenkov.ru/add</u></span></a>\n            </div><p>asdasdasd</p>', 0, '8-testvimeoagain', '2017-03-11 10:48:17', 8, 'news', 33, '', '0', 0, '0', 0),
(21, 'Ð¤Ð¾Ñ‚Ð¾: ÐŸÐ°Ñ€Ð¸Ð¶ÑÐºÐ¸Ðµ ÐºÐ»ÑƒÐ¼Ð±Ñ‹, Ð² ÐºÐ¾Ñ‚Ð¾Ñ€Ñ‹Ðµ Ð¼Ð¾Ð¶Ð½Ð', '<p>ÐÐ²Ñ‚Ð¾Ñ€Ñ‹ Ð¸Ð½Ð¸Ñ†Ð¸Ð°Ñ‚Ð¸Ð²Ñ‹ Ñ…Ð¾Ñ‚ÑÑ‚ Ð¾Ñ‡Ð¸ÑÑ‚Ð¸Ñ‚ÑŒ Ð³Ð¾Ñ€Ð¾Ð´ Ð¾Ñ‚ Ð»ÑŽÐ±Ð¸Ñ‚ÐµÐ»ÐµÐ¹ Ð¾Ð±Ð»ÐµÐ³Ñ‡Ð¸Ñ‚ÑŒÑÑ Ð½Ð° Ð·Ð´Ð°Ð½Ð¸Ñ, Ð´ÐµÑ€ÐµÐ²ÑŒÑ Ð¸ Ð¿Ñ€Ð¸Ð¿Ð°Ñ€ÐºÐ¾Ð²Ð°Ð½Ð½Ñ‹Ðµ Ð¼Ð°ÑˆÐ¸Ð½Ñ‹. </p>', '<p>ÐÐ²Ñ‚Ð¾Ñ€Ñ‹ Ð¸Ð½Ð¸Ñ†Ð¸Ð°Ñ‚Ð¸Ð²Ñ‹ Ñ…Ð¾Ñ‚ÑÑ‚ Ð¾Ñ‡Ð¸ÑÑ‚Ð¸Ñ‚ÑŒ Ð³Ð¾Ñ€Ð¾Ð´ Ð¾Ñ‚ Ð»ÑŽÐ±Ð¸Ñ‚ÐµÐ»ÐµÐ¹ Ð¾Ð±Ð»ÐµÐ³Ñ‡Ð¸Ñ‚ÑŒÑÑ Ð½Ð° Ð·Ð´Ð°Ð½Ð¸Ñ, Ð´ÐµÑ€ÐµÐ²ÑŒÑ Ð¸ Ð¿Ñ€Ð¸Ð¿Ð°Ñ€ÐºÐ¾Ð²Ð°Ð½Ð½Ñ‹Ðµ Ð¼Ð°ÑˆÐ¸Ð½Ñ‹. </p><div class="wrapper-image">\n        <div class="wrapper-label">\n            <div class="wrapper-wide">\n                                            <a href="/img/downloads/000a7db0d4c688263a3e8d09e1f5fa93.jpg" class="fancybox">\n                            <img src="/img/downloads/000a7db0d4c688263a3e8d09e1f5fa93.jpg" width="100%">\n                        </a>\n            </div>\n                            <span>PHOTO</span>\n        </div>\n    </div><p>ÐšÐ¾Ð½Ñ‚ÐµÐ¹Ð½ÐµÑ€Ñ‹ Ð¿Ð¾Ð´ Ð½Ð°Ð·Ð²Ð°Ð½Ð¸ÐµÐ¼ The Uritrottoir Ð¾Ñ‚ ÐºÐ¾Ð¼Ð¿Ð°Ð½Ð¸Ð¸ Faltazi Ð±Ñ‹Ð²Ð°ÑŽÑ‚ Ð´Ð²ÑƒÑ… Ñ€Ð°Ð·Ð¼ÐµÑ€Ð¾Ð²: Ð¿Ð¾Ð±Ð¾Ð»ÑŒÑˆÐµ, Ñ€Ð°ÑÑÑ‡Ð¸Ñ‚Ð°Ð½Ð½Ñ‹Ðµ Ð½Ð° 600 Ñ‡ÐµÐ»Ð¾Ð²ÐµÐº, Ð¸ Ð¿Ð¾Ð¼ÐµÐ½ÑŒÑˆÐµ â€” Ñ Ð¾Ð³Ñ€Ð°Ð½Ð¸Ñ‡ÐµÐ½Ð¸ÐµÐ¼ Ð² 300 Ñ‡ÐµÐ»Ð¾Ð²ÐµÐº. Ð’ Ñ†ÐµÐ½Ñ‚Ñ€Ð°Ð»ÑŒÐ½Ð¾Ð¹ Ñ‡Ð°ÑÑ‚Ð¸ ÐºÐ»ÑƒÐ¼Ð±Ñ‹ Ð¾Ð±Ð¾Ñ€ÑƒÐ´Ð¾Ð²Ð°Ð½ Ð¾Ñ‚ÑÐµÐº, Ð² ÐºÐ¾Ñ‚Ð¾Ñ€Ñ‹Ð¹ Ð¼Ð¾Ð¶Ð½Ð¾ Ð¿Ð¾Ð¿Ð¸ÑÐ°Ñ‚ÑŒ Ð² ÑÐ»ÑƒÑ‡Ð°Ðµ Ð½ÐµÐ¾Ð±Ñ…Ð¾Ð´Ð¸Ð¼Ð¾ÑÑ‚Ð¸. Ð–Ð¸Ð´ÐºÐ¾ÑÑ‚ÑŒ Ð¿Ð¾ÑÑ‚ÑƒÐ¿Ð°ÐµÑ‚ Ð² Ð½Ð¸Ð¶Ð½ÑŽÑŽ Ñ‡Ð°ÑÑ‚ÑŒ, Ð³Ð´Ðµ Ñ€Ð°ÑÐ¿Ð¾Ð»Ð¾Ð¶ÐµÐ½ Ð»Ð¾Ñ‚Ð¾Ðº Ñ ÑÐµÐ½Ð¾Ð¼, Ð¾Ð¿Ð¸Ð»ÐºÐ°Ð¼Ð¸ Ð¸ ÑÐ¾Ð»Ð¾Ð¼Ð¾Ð¹. ÐÐ°Ð²ÐµÑ€Ñ…Ñƒ Ñ€Ð°ÑÐ¿Ð¾Ð»Ð¾Ð¶ÐµÐ½Ñ‹ Ñ†Ð²ÐµÑ‚Ñ‹ Ð¸ Ð´Ñ€ÑƒÐ³Ð¸Ðµ Ñ€Ð°ÑÑ‚ÐµÐ½Ð¸Ñ. ÐžÐ± ÑÑ‚Ð¾Ð¼ Ð¿Ð¸ÑˆÐµÑ‚ The Guardian.</p><p>ÐšÐ¾Ð³Ð´Ð° ÐºÐ¾Ð½Ñ‚ÐµÐ¹Ð½ÐµÑ€ Ð½Ð°Ð¿Ð¾Ð»Ð½Ð¸Ñ‚ÑÑ, Ñ‚Ð¾ Ð¸Ð· Ð½ÐµÐ³Ð¾ Ð²Ñ‹Ð³Ñ€ÐµÐ±ÑƒÑ‚ Ð¾Ð±Ñ€Ð°Ð·Ð¾Ð²Ð°Ð²ÑˆÐ¸Ð¹ÑÑ ÐºÐ¾Ð¼Ð¿Ð¾ÑÑ‚ Ð¸ Ð½Ð°Ð¿Ñ€Ð°Ð²ÑÑ‚ Ð½Ð° ÑƒÐ´Ð¾Ð±Ñ€ÐµÐ½Ð¸Ðµ Ð·ÐµÐ¼ÐµÐ»ÑŒÐ½Ñ‹Ñ… ÑƒÑ‡Ð°ÑÑ‚ÐºÐ¾Ð² Ð¸ ÑÐ°Ð´Ð¾Ð². Ð Ñ‘Ð¼ÐºÐ¾ÑÑ‚ÑŒ Ð¿Ð¾Ñ‡Ð¸ÑÑ‚ÑÑ‚ Ð¸ Ð²ÐµÑ€Ð½ÑƒÑ‚ Ð½Ð° ÑƒÐ»Ð¸Ñ†Ñ‹ ÐŸÐ°Ñ€Ð¸Ð¶Ð°. ÐŸÐ¾ÑÐ»Ðµ Ñ‚ÐµÑÑ‚Ð¾Ð², Ð¿Ñ€Ð¾Ð²ÐµÐ´Ñ‘Ð½Ð½Ñ‹Ñ… Ð² Ð½Ð°Ñ‡Ð°Ð»Ðµ ÑÐ½Ð²Ð°Ñ€Ñ, Ð°Ð²Ñ‚Ð¾Ñ€Ñ‹ Ð¸Ð½Ð¸Ñ†Ð¸Ð°Ñ‚Ð¸Ð²Ñ‹ ÑƒÐ±ÐµÐ´Ð¸Ð»Ð¸ÑÑŒ, Ñ‡Ñ‚Ð¾ Ð¸Ð·-Ð·Ð° Ð²Ñ‹ÑÐ¾ÐºÐ¾Ð³Ð¾ ÑÐ¾Ð´ÐµÑ€Ð¶Ð°Ð½Ð¸Ñ ÑƒÐ³Ð»ÐµÑ€Ð¾Ð´Ð° Ð² Ð¾Ñ€Ð³Ð°Ð½Ð¸Ñ‡ÐµÑÐºÐ¾Ð¼ Ð½Ð°Ð¿Ð¾Ð»Ð½Ð¸Ñ‚ÐµÐ»Ðµ Ð¾Ñ‚ ÐºÐ»ÑƒÐ¼Ð±Ñ‹ Ð½Ðµ Ð¸ÑÑ…Ð¾Ð´Ð¸Ñ‚ Ð½ÐµÐ¿Ñ€Ð¸ÑÑ‚Ð½Ñ‹Ñ… Ð·Ð°Ð¿Ð°Ñ…Ð¾Ð².</p><p>ÐšÐ°Ð¶Ð´Ñ‹Ð¹ ÐºÐ¾Ð½Ñ‚ÐµÐ¹Ð½ÐµÑ€ ÑÑ‚Ð¾Ð¸Ñ‚ Ð¾ÐºÐ¾Ð»Ð¾ 3 Ñ‚Ñ‹ÑÑÑ‡ Ð´Ð¾Ð»Ð»Ð°Ñ€Ð¾Ð² Ð¸ Ð¾Ð±Ð¾Ñ€ÑƒÐ´Ð¾Ð²Ð°Ð½ Ñ†Ð¸Ñ„Ñ€Ð¾Ð²Ñ‹Ð¼ Ð´Ð¸ÑÐ¿Ð»ÐµÐµÐ¼, ÐºÐ¾Ñ‚Ð¾Ñ€Ñ‹Ð¹ ÑÐ¾Ð¾Ð±Ñ‰Ð°ÐµÑ‚ Ð¾ Ñ‚Ð¾Ð¼, ÐºÐ¾Ð³Ð´Ð° Ð¾Ð½ Ð¿Ð¾Ð»Ð½Ð¾ÑÑ‚ÑŒÑŽ Ð·Ð°Ð¿Ð¾Ð»Ð½Ð¸Ñ‚ÑÑ. ÐÐµÑÐºÐ¾Ð»ÑŒÐºÐ¾ ÐºÐ»ÑƒÐ¼Ð± ÑƒÑÑ‚Ð°Ð½Ð¾Ð²Ð»ÐµÐ½Ñ‹ Ð½Ð° Ð¿Ð°Ñ€Ð¸Ð¶ÑÐºÐ¾Ð¼ Ð²Ð¾ÐºÐ·Ð°Ð»Ðµ, Ð½ÐµÐºÐ¾Ñ‚Ð¾Ñ€Ñ‹Ñ… Ñ†ÐµÐ½Ñ‚Ñ€Ð°Ð»ÑŒÐ½Ñ‹Ñ… ÑƒÐ»Ð¸Ñ†Ð°Ñ… Ð¸ Ð¾ÐºÐ¾Ð»Ð¾ Ð·Ð´Ð°Ð½Ð¸Ñ ÑÑƒÐ´Ð°. ÐÐ²Ñ‚Ð¾Ñ€Ñ‹ Ð½Ðµ Ð·Ð½Ð°ÑŽÑ‚, ÐºÐ°Ðº Ð¿Ð¾Ð¼Ð¾Ñ‡ÑŒ Ñ Ð¿Ñ€Ð¾Ð±Ð»ÐµÐ¼Ð¾Ð¹ Ð¶ÐµÐ½Ñ‰Ð¸Ð½Ð°Ð¼, ÐºÐ¾Ñ‚Ð¾Ñ€Ñ‹Ðµ Ð½Ðµ Ð¼Ð¾Ð³ÑƒÑ‚ Ð²Ð¾ÑÐ¿Ð¾Ð»ÑŒÐ·Ð¾Ð²Ð°Ñ‚ÑŒÑÑ ÐºÐ»ÑƒÐ¼Ð±Ð¾Ð¹ Ð² ÑÐºÑÑ‚Ñ€ÐµÐ½Ð½Ñ‹Ñ… ÑÐ¸Ñ‚ÑƒÐ°Ñ†Ð¸ÑÑ….</p><div class="wrapper-image">\n        <div class="wrapper-label">\n            <div class="wrapper-wide">\n                                            <a href="/img/downloads/ee89687fa8474e.jpg" class="fancybox">\n                            <img src="/img/downloads/ee89687fa8474e.jpg" width="100%">\n                        </a>\n            </div>\n                            <span></span>\n        </div>\n    </div>', 2, '7-foto-parizhskie-klumbi-v-kotorie-mozhno-pomochitsya', '2017-02-01 20:54:24', 7, 'article', 80, '', '0', 0, '0', 0),
(22, 'Ð’Ð¸Ð¼ÐµÐ¾', '<p>Ð¢ÐµÐºÑÑ‚ Ð²Ð¸Ð¼ÐµÐ¾</p>', '<p>Ð¢ÐµÐºÑÑ‚ Ð²Ð¸Ð¼ÐµÐ¾</p><div class="vimeo-article"><iframe src="http://player.vimeo.com/video/?title=0&amp;byline=0&amp;portrait=0&amp;badge=0&amp;color=ffffff" width="640" height="360" frameborder="0" webkitAllowFullScreen mozallowfullscreen allowFullScreen></iframe></div>', 0, '8-vimeo', '2017-02-02 14:53:02', 8, 'article', 38, '', '0', 0, '0', 0),
(23, 'Ð’Ð¸Ð¼ÐµÐ¾', '<p>Ð¢ÐµÐºÑÑ‚ Ð²Ð¸Ð¼ÐµÐ¾</p>', '<p>Ð¢ÐµÐºÑÑ‚ Ð²Ð¸Ð¼ÐµÐ¾</p><div class="vimeo-article"><iframe src="http://player.vimeo.com/video/?title=0&amp;byline=0&amp;portrait=0&amp;badge=0&amp;color=ffffff" width="640" height="360" frameborder="0" webkitAllowFullScreen mozallowfullscreen allowFullScreen></iframe></div>', 1, '8-vimeo', '2017-02-02 14:58:43', 8, 'article', 8, '', '0', 0, '0', 0),
(24, 'Ð’Ð¸Ð¼ÐµÐ¾', '<p>Ð¢ÐµÐºÑÑ‚ Ð²Ð¸Ð¼ÐµÐ¾</p>', '<p>Ð¢ÐµÐºÑÑ‚ Ð²Ð¸Ð¼ÐµÐ¾</p><div class="vimeo-article"><iframe src="http://player.vimeo.com/video/?title=0&amp;byline=0&amp;portrait=0&amp;badge=0&amp;color=ffffff" width="640" height="360" frameborder="0" webkitAllowFullScreen mozallowfullscreen allowFullScreen></iframe></div>', 0, '8-vimeo', '2017-02-02 14:58:46', 8, 'article', 8, '', '0', 0, '0', 0),
(25, 'Ð’Ð¸Ð¼ÐµÐ¾', '<p>Ð¢ÐµÐºÑÑ‚ Ð²Ð¸Ð¼ÐµÐ¾</p>', '<p>Ð¢ÐµÐºÑÑ‚ Ð²Ð¸Ð¼ÐµÐ¾</p><div class="vimeo-article"><iframe src="http://player.vimeo.com/video/?title=0&amp;byline=0&amp;portrait=0&amp;badge=0&amp;color=ffffff" width="640" height="360" frameborder="0" webkitAllowFullScreen mozallowfullscreen allowFullScreen></iframe></div>', 0, '8-vimeo', '2017-02-02 14:58:58', 8, 'article', 8, '', '0', 0, '0', 0),
(26, 'Ð’Ð¸Ð¼ÐµÐ¾', '<p>Ð¢ÐµÐºÑÑ‚ Ð²Ð¸Ð¼ÐµÐ¾</p>', '<p>Ð¢ÐµÐºÑÑ‚ Ð²Ð¸Ð¼ÐµÐ¾</p><div class="vimeo-article"><iframe src="http://player.vimeo.com/video/?title=0&amp;byline=0&amp;portrait=0&amp;badge=0&amp;color=ffffff" width="640" height="360" frameborder="0" webkitAllowFullScreen mozallowfullscreen allowFullScreen></iframe></div>', 1, '8-vimeo', '2017-02-02 14:59:13', 8, 'article', 8, '', '0', 0, '0', 0),
(27, 'Ð’Ð¸Ð¼ÐµÐ¾', '<p>Ð¢ÐµÐºÑÑ‚ Ð²Ð¸Ð¼ÐµÐ¾</p>', '<p>Ð¢ÐµÐºÑÑ‚ Ð²Ð¸Ð¼ÐµÐ¾</p><div class="vimeo-article"><iframe src="http://player.vimeo.com/video/?title=0&amp;byline=0&amp;portrait=0&amp;badge=0&amp;color=ffffff" width="640" height="360" frameborder="0" webkitAllowFullScreen mozallowfullscreen allowFullScreen></iframe></div>', -1, '8-vimeo', '2017-02-02 14:59:28', 8, 'article', 8, '', '0', 0, '0', 0),
(28, 'Ð’Ð¸Ð¼ÐµÐ¾', '<p>Ð¢ÐµÐºÑÑ‚ Ð²Ð¸Ð¼ÐµÐ¾</p>', '<p>Ð¢ÐµÐºÑÑ‚ Ð²Ð¸Ð¼ÐµÐ¾</p><div class="vimeo-article"><iframe src="http://player.vimeo.com/video/?title=0&amp;byline=0&amp;portrait=0&amp;badge=0&amp;color=ffffff" width="640" height="360" frameborder="0" webkitAllowFullScreen mozallowfullscreen allowFullScreen></iframe></div>', -1, '8-vimeo', '2017-02-02 14:59:38', 8, 'article', 8, '', '0', 0, '0', 0),
(29, 'Ð’Ð¸Ð¼ÐµÐ¾', '<p>Ð¢ÐµÐºÑÑ‚ Ð²Ð¸Ð¼ÐµÐ¾</p>', '<p>Ð¢ÐµÐºÑÑ‚ Ð²Ð¸Ð¼ÐµÐ¾</p><div class="vimeo-article"><iframe src="http://player.vimeo.com/video/?title=0&amp;byline=0&amp;portrait=0&amp;badge=0&amp;color=ffffff" width="640" height="360" frameborder="0" webkitAllowFullScreen mozallowfullscreen allowFullScreen></iframe></div>', 0, '8-vimeo', '2017-02-02 14:59:57', 8, 'article', 8, '', '0', 0, '0', 0),
(30, 'Ð’Ð¸Ð¼ÐµÐ¾', '<p>Ð¢ÐµÐºÑÑ‚ Ð²Ð¸Ð¼ÐµÐ¾</p>', '<p>Ð¢ÐµÐºÑÑ‚ Ð²Ð¸Ð¼ÐµÐ¾</p><div class="vimeo-article"><iframe src="http://player.vimeo.com/video/?title=0&amp;byline=0&amp;portrait=0&amp;badge=0&amp;color=ffffff" width="640" height="360" frameborder="0" webkitAllowFullScreen mozallowfullscreen allowFullScreen></iframe></div>', -1, '8-vimeo', '2017-02-02 15:00:08', 8, 'article', 8, '', '0', 0, '0', 0),
(31, 'Ð’Ð¸Ð¼ÐµÐ¾', '<p>Ð¢ÐµÐºÑÑ‚ Ð²Ð¸Ð¼ÐµÐ¾</p>', '<p>Ð¢ÐµÐºÑÑ‚ Ð²Ð¸Ð¼ÐµÐ¾</p><div class="vimeo-article"><iframe src="http://player.vimeo.com/video/?title=0&amp;byline=0&amp;portrait=0&amp;badge=0&amp;color=ffffff" width="640" height="360" frameborder="0" webkitAllowFullScreen mozallowfullscreen allowFullScreen></iframe></div>', -1, '8-vimeo', '2017-02-02 15:00:18', 8, 'article', 8, '', '0', 0, '0', 0),
(32, 'Ð’Ð¸Ð¼ÐµÐ¾', '<p>Ð¢ÐµÐºÑÑ‚ Ð²Ð¸Ð¼ÐµÐ¾</p>', '<p>Ð¢ÐµÐºÑÑ‚ Ð²Ð¸Ð¼ÐµÐ¾</p><div class="vimeo-article"><iframe src="http://player.vimeo.com/video/?title=0&amp;byline=0&amp;portrait=0&amp;badge=0&amp;color=ffffff" width="640" height="360" frameborder="0" webkitAllowFullScreen mozallowfullscreen allowFullScreen></iframe></div>', 0, '8-vimeo', '2017-02-02 15:01:23', 8, 'article', 8, '', '0', 0, '0', 0),
(33, 'Ð’Ð¸Ð¼ÐµÐ¾', '<p>Ð¢ÐµÐºÑÑ‚ Ð²Ð¸Ð¼ÐµÐ¾</p>', '<p>Ð¢ÐµÐºÑÑ‚ Ð²Ð¸Ð¼ÐµÐ¾</p><div class="vimeo-article"><iframe src="http://player.vimeo.com/video/?title=0&amp;byline=0&amp;portrait=0&amp;badge=0&amp;color=ffffff" width="640" height="360" frameborder="0" webkitAllowFullScreen mozallowfullscreen allowFullScreen></iframe></div>', 0, '8-vimeo', '2017-02-02 15:02:25', 8, 'article', 8, '', '0', 0, '0', 0),
(34, 'Ñ‚ÐµÑÑ‚', '<p>Ñ‚ÐµÑÑ‚</p>', '<div class="b-article__link">\n                <a href="https://tjournal.ru/redirect?url=http://web-merenkov.ru/add" target="_blank"><i class="icon-link"></i><span><u>http://web-merenkov.ru/add</u></span></a>\n            </div><p>Ñ‚ÐµÑÑ‚</p><div class="wrapper-image">\n        <div class="wrapper-label">\n            <div class="wrapper-wide">\n                                            <a href="/img/downloads/000a7db0d4c688263a3e8d09e1f5fa93.jpg" class="fancybox">\n                            <img src="/img/downloads/000a7db0d4c688263a3e8d09e1f5fa93.jpg" width="100%">\n                        </a>\n            </div>\n                            <span>Ð¿Ð¾Ð´Ð¿Ð¸ÑÑŒ</span>\n        </div>\n    </div>', 1, '7-test', '2017-02-02 20:22:33', 7, 'news', 40, '', '0', 0, '0', 0),
(35, 'Ñ‚ÐµÑÑ‚ Ð¾Ð±Ð»Ð¾ÐºÐ¶Ð¸', '<p>ÐŸÑ€Ð¸Ð²ÐµÑ‚ÑÑ‚Ð²ÐµÐ½Ð½Ñ‹Ð¹ Ñ‚ÐµÐºÑÑ‚</p>', '<p>ÐŸÑ€Ð¸Ð²ÐµÑ‚ÑÑ‚Ð²ÐµÐ½Ð½Ñ‹Ð¹ Ñ‚ÐµÐºÑÑ‚</p><div class="wrapper-image">\n        <div class="wrapper-label">\n            <div class="wrapper-wide">\n                                            <a href="/img/downloads/emily_ratajkowski-wide.jpg" class="fancybox">\n                            <img src="/img/downloads/emily_ratajkowski-wide.jpg" width="100%">\n                        </a>\n            </div>\n                            <span></span>\n        </div>\n    </div>', 0, '8-test-oblokzhi', '2017-02-03 16:04:20', 8, 'article', 7, '', '0', 0, '0', 0),
(36, 'Ñ‚ÐµÑÑ‚ Ð¾Ð±Ð»Ð¾ÐºÐ¶Ð¸ 2 tru', '<p>ÐŸÑ€Ð¸Ð²ÐµÑ‚ÑÑ‚Ð²ÐµÐ½Ð½Ñ‹Ð¹ Ñ‚ÐµÐºÑÑ‚</p>', '<p>ÐŸÑ€Ð¸Ð²ÐµÑ‚ÑÑ‚Ð²ÐµÐ½Ð½Ñ‹Ð¹ Ñ‚ÐµÐºÑÑ‚</p><div class="wrapper-image">\n        <div class="wrapper-label">\n            <div class="wrapper-wide">\n                                            <a href="/img/downloads/emily_ratajkowski-wide.jpg" class="fancybox">\n                            <img src="/img/downloads/emily_ratajkowski-wide.jpg" width="100%">\n                        </a>\n            </div>\n                            <span></span>\n        </div>\n    </div>', 0, '8-test-oblokzhi-2-tru', '2017-02-03 16:06:00', 8, 'article', 10, '', '0', 0, '0', 0),
(37, 'Ñ‚ÐµÑÑ‚ Ð¾Ð±Ð»Ð¾ÐºÐ¶Ð¸ 3', '<p>ÐŸÑ€Ð¸Ð²ÐµÑ‚ÑÑ‚Ð²ÐµÐ½Ð½Ñ‹Ð¹ Ñ‚ÐµÐºÑÑ‚</p>', '<p>ÐŸÑ€Ð¸Ð²ÐµÑ‚ÑÑ‚Ð²ÐµÐ½Ð½Ñ‹Ð¹ Ñ‚ÐµÐºÑÑ‚</p><div class="wrapper-image">\n        <div class="wrapper-label">\n            <div class="wrapper-wide">\n                                            <a href="/img/downloads/emily_ratajkowski-wide.jpg" class="fancybox">\n                            <img src="/img/downloads/emily_ratajkowski-wide.jpg" width="100%">\n                        </a>\n            </div>\n                            <span></span>\n        </div>\n    </div>', 5, '8-test-oblokzhi-3', '2017-02-03 16:06:56', 8, 'article', 281, '', 'img/downloads/emily_ratajkowski-wide.jpg', 0, '0', 0),
(38, 'Ð¢Ð•Ð¡Ð¢ Ð¢Ð˜Ð¢Ð£Ð›ÐšÐ Ð¢Ð•Ð¡Ð¢ Ð¢Ð˜Ð¢Ð£Ð›ÐšÐ Ð¢Ð•Ð¡Ð¢ Ð¢Ð˜Ð¢Ð£Ð›ÐšÐ Ð¢Ð•Ð¡Ð¢ Ð¢Ð˜Ð¢Ð£Ð›ÐšÐ Ð¢Ð•', '<p>ÐŸÑ€Ð¸Ð¼ÐµÑ€ Ñ‚ÐµÐºÑÑ‚Ð° </p>', '<p>ÐŸÑ€Ð¸Ð¼ÐµÑ€ Ñ‚ÐµÐºÑÑ‚Ð° </p>', -1, '8-test-titulka-test-titulka-test-titulka-test-titulka-test-titulka-testi-titulka-test-titutlvftvofivfiovlfivfivfivfivfivfivfivfiv', '2017-02-18 13:07:07', 8, 'article', 9, '', '0', 0, '0', 0),
(39, 'TITLETITLTETITELTEATTEATTASDSADASDSADASDSADSDASDSADASDASDASDASDSADASDSADASDASDASDASDASDASDSAASDADSD1', '<p>text before</p>', '<p>text before</p>', 0, '8-titletitltetitelteatteattasdsadasdsadasdsadsdasdsadasdasdasdasdsadasdsadasdasdasdasdasdasdsaasdadsd1', '2017-02-18 13:24:23', 8, 'article', 7, '', '0', 0, '0', 0),
(40, 'Ð Ð£Ð¡Ð¡ÐšÐ˜Ð• Ð‘Ð£ÐšÐ’Ð« Ð¡Ð¢ÐžÐžÐž Ð¢Ð•ÐšÐ¡Ð¢ Ð›ÐžÐ›ÐžÐ›ÐžÐ›ÐžÐ›ÐžÐ›ÐžÐ›ÐžÐ›ÐžÐ›ÐžÐ›ÐžÐ›ÐžÐ›ÐžÐ›ÐžÐ›ÐžÐ›ÐžÐ›ÐžÐ›ÐžÐ›ÐžÐ›ÐžÐ›ÐžÐ›ÐžÐ›ÐžÐ›ÐžÐ›ÐžÐ›ÐžÐ›ÐžÐ›ÐžÐ›ÐžÐ›ÐžÐ›ÐžÐ›ÐžÐ›ÐžÐ›Ð›ÐžÐ›ÐžÐ›ÐžÐ›Ð›1', '<p>text before</p>', '<p>text before</p>', 4, '8-russkie-bukvi-stooo-tekst-lolololololololololololololololololololololololololololololololollolololl1', '2017-02-18 13:32:10', 8, 'article', 53, '', '0', 0, '0', 0),
(41, 'test videoo', '<p>text</p>', '<p>text</p><div class="wrapper-wide">\n                    \n            <div class="wrapper-video">\n                <iframe src="http://www.youtube.com/embed/xifSHMbGSKI" width="800" height="450" frameborder="0" allowfullscreen=""></iframe>\n            </div>\n\n            </div>', 1, '8-test-videoo', '2017-02-18 19:24:59', 8, 'video', 23, '', '0', 0, '0', 0),
(42, 'test video2', '<p>text2</p>', '<p>text2</p><div class="wrapper-wide">\n                    \n            <div class="wrapper-video">\n                <iframe src="http://www.youtube.com/embed/xifSHMbGSKI" width="800" height="450" frameborder="0" allowfullscreen=""></iframe>\n            </div>\n\n            </div>', 1, '8-test-video2', '2017-02-18 19:41:29', 8, 'video', 12, '', '0', 0, '0', 0),
(43, 'test video3e', '<p>text2</p>', '<p>text2</p><div class="wrapper-wide">\n                    \n            <div class="wrapper-video">\n                <iframe src="http://www.youtube.com/embed/xifSHMbGSKI" width="800" height="450" frameborder="0" allowfullscreen=""></iframe>\n            </div>\n\n            </div>', 1, '8-test-video3e', '2017-02-18 19:42:04', 8, 'video', 17, '', '0', 0, 'xifSHMbGSKI', 0),
(44, 'ÐŸÑ€Ð¾ÑˆÐ»Ð¾Ð¹ Ð½Ð¾Ñ‡ÑŒÑŽ Ð² Ð¨Ð²ÐµÑ†Ð¸Ð¸ ÐŸÑ€Ð¾ÑˆÐ»Ð¾Ð¹ Ð½Ð¾Ñ‡ÑŒÑŽ Ð² Ð¨Ð²ÐµÑ†Ð¸Ð¸ ÐŸÑ€Ð¾ÑˆÐ»Ð¾Ð¹ Ð½Ð¾Ñ‡ÑŒÑŽ Ð² Ð¨Ð²ÐµÑ†Ð¸Ð¸ ÐŸÑ€Ð¾ÑˆÐ»Ð¾Ð¹ Ð½Ð¾Ñ‡ÑŒÑŽ Ð² Ð¨Ð²ÐµÑ†Ð¸Ð¸', '<p>Ð’ Ð¨Ð²ÐµÑ†Ð¸Ð¸, Ð¾Ð´Ð½Ð°ÐºÐ¾, Ð¾Ñ‚Ð¼ÐµÑ‚Ð¸Ð»Ð¸, Ñ‡Ñ‚Ð¾ Ð½Ðµ Ð¸Ð¼ÐµÑŽÑ‚ Ð½Ð¸ Ð¼Ð°Ð»ÐµÐ¹ÑˆÐµÐ³Ð¾ Ð¿Ñ€ÐµÐ´ÑÑ‚Ð°Ð²Ð»ÐµÐ½Ð¸Ñ, Ñ‡Ñ‚Ð¾ Ð¸Ð¼ÐµÐ» Ð² Ð²Ð¸Ð´Ñƒ Ð¢Ñ€Ð°Ð¼Ð¿. Ð¡Ñ€ÐµÐ´Ð¸ Ð½Ð°Ð¸Ð±Ð¾Ð»ÐµÐµ Ð¿Ñ€Ð¸Ð¼ÐµÑ‡Ð°Ñ‚ÐµÐ»ÑŒÐ½Ñ‹Ñ… Ð·Ð°Ð³Ð¾Ð»Ð¾Ð²ÐºÐ¾Ð² Ð³Ð°Ð·ÐµÑ‚', '<p>Ð’ Ð¨Ð²ÐµÑ†Ð¸Ð¸, Ð¾Ð´Ð½Ð°ÐºÐ¾, Ð¾Ñ‚Ð¼ÐµÑ‚Ð¸Ð»Ð¸, Ñ‡Ñ‚Ð¾ Ð½Ðµ Ð¸Ð¼ÐµÑŽÑ‚ Ð½Ð¸ Ð¼Ð°Ð»ÐµÐ¹ÑˆÐµÐ³Ð¾ Ð¿Ñ€ÐµÐ´ÑÑ‚Ð°Ð²Ð»ÐµÐ½Ð¸Ñ, Ñ‡Ñ‚Ð¾ Ð¸Ð¼ÐµÐ» Ð² Ð²Ð¸Ð´Ñƒ Ð¢Ñ€Ð°Ð¼Ð¿. Ð¡Ñ€ÐµÐ´Ð¸ Ð½Ð°Ð¸Ð±Ð¾Ð»ÐµÐµ Ð¿Ñ€Ð¸Ð¼ÐµÑ‡Ð°Ñ‚ÐµÐ»ÑŒÐ½Ñ‹Ñ… Ð·Ð°Ð³Ð¾Ð»Ð¾Ð²ÐºÐ¾Ð² Ð³Ð°Ð·ÐµÑ‚ Ð² Ð¿ÑÑ‚Ð½Ð¸Ñ†Ñƒ Ð²ÐµÑ‡ÐµÑ€Ð¾Ð¼ Ð±Ñ‹Ð»Ð¾ ÑÐ¾Ð¾Ð±Ñ‰ÐµÐ½Ð¸Ðµ Ð¾ Ñ‚Ð¾Ð¼, Ñ‡Ñ‚Ð¾ Ñƒ Ð¾Ð´Ð½Ð¾Ð³Ð¾ Ð¿Ð¾Ð¿ÑƒÐ»ÑÑ€Ð½Ð¾Ð³Ð¾ Ð¿ÐµÐ²Ñ†Ð° Ð²Ð¾ Ð²Ñ€ÐµÐ¼Ñ Ð¼ÑƒÐ·Ñ‹ÐºÐ°Ð»ÑŒÐ½Ð¾Ð³Ð¾ ÐºÐ¾Ð½ÐºÑƒÑ€ÑÐ° Ð²Ð¾Ð·Ð½Ð¸ÐºÐ»Ð¸ Ñ‚ÐµÑ…Ð½Ð¸Ñ‡ÐµÑÐºÐ¸Ðµ Ð¿Ñ€Ð¾Ð±Ð»ÐµÐ¼Ñ‹.</p><p>Ð‘Ñ‹Ð²ÑˆÐ¸Ð¹ Ð¿Ñ€ÐµÐ¼ÑŒÐµÑ€-Ð¼Ð¸Ð½Ð¸ÑÑ‚Ñ€ Ð¨Ð²ÐµÑ†Ð¸Ð¸ ÐšÐ°Ñ€Ð» Ð‘Ð¸Ð»ÑŒÐ´Ñ‚ Ð² ÑÐ²Ð¾Ñ‘Ð¼ Ñ‚Ð²Ð¸Ñ‚Ñ‚ÐµÑ€Ðµ Ð´Ð°Ð¶Ðµ Ð¾Ñ‚Ð¿ÑƒÑÑ‚Ð¸Ð» ÑˆÐ¿Ð¸Ð»ÑŒÐºÑƒ Ð² Ð°Ð´Ñ€ÐµÑ Ð¿Ñ€ÐµÐ·Ð¸Ð´ÐµÐ½Ñ‚Ð° Ð¡Ð¨Ð.</p><>ÐŸÑ€Ð¾ÑˆÐ»Ð¾Ð¹ Ð½Ð¾Ñ‡ÑŒÑŽ Ð² Ð¨Ð²ÐµÑ†Ð¸Ð¸</><blockquote class="q-1"><p>Ð’Ñ‹ Ð¿Ð¾ÑÐ¼Ð¾Ñ‚Ñ€Ð¸Ñ‚Ðµ, Ñ‡Ñ‚Ð¾ Ð¿Ñ€Ð¾Ð¸ÑÑ…Ð¾Ð´Ð¸Ñ‚ Ð² Ð“ÐµÑ€Ð¼Ð°Ð½Ð¸Ð¸! Ð’Ñ‹ ÑÐ¼Ð¾Ñ‚Ñ€Ð¸Ñ‚Ðµ Ð½Ð° Ñ‚Ð¾, Ñ‡Ñ‚Ð¾ ÑÐ»ÑƒÑ‡Ð¸Ð»Ð¾ÑÑŒ Ð¿Ñ€Ð¾ÑˆÐ»Ð¾Ð¹ Ð½Ð¾Ñ‡ÑŒÑŽ Ð² Ð¨Ð²ÐµÑ†Ð¸Ð¸! Ð¨Ð²ÐµÑ†Ð¸Ñ, ÐºÑ‚Ð¾ Ð±Ñ‹ Ð¼Ð¾Ð³ Ð¿Ð¾Ð´ÑƒÐ¼Ð°Ñ‚ÑŒ?! </p>\n        <strong>Ð”Ð¾Ð½Ð°Ð»ÑŒÐ´ Ð¢Ñ€Ð°Ð¼Ð¿, Ð¿Ñ€ÐµÐ·Ð¸Ð´ÐµÐ½Ñ‚ Ð¡Ð¨Ð</strong>\n    </blockquote><p>Ð ÑÐ´Ð¾Ð²Ñ‹Ðµ ÑˆÐ²ÐµÐ´Ñ‹ Ð¾Ñ‚Ñ€ÐµÐ°Ð³Ð¸Ñ€Ð¾Ð²Ð°Ð»Ð¸ Ð½Ð° Ð²Ñ‹ÑÑ‚ÑƒÐ¿Ð»ÐµÐ½Ð¸Ðµ Ð¢Ñ€Ð°Ð¼Ð¿Ð°, Ñ€Ð°Ð·Ð¼ÐµÑÑ‚Ð¸Ð² Ð² ÑÐ¾Ñ†Ð¸Ð°Ð»ÑŒÐ½Ñ‹Ñ… ÑÐµÑ‚ÑÑ… Ñ„Ð¾Ñ‚Ð¾Ð³Ñ€Ð°Ñ„Ð¸Ð¸ Ñ‚Ð¾Ð³Ð¾, Ñ‡Ñ‚Ð¾ Ð´ÐµÐ¹ÑÑ‚Ð²Ð¸Ñ‚ÐµÐ»ÑŒÐ½Ð¾ Ð¿Ñ€Ð¾Ð¸ÑÑ…Ð¾Ð´Ð¸Ð»Ð¾ Ð² Ð¨Ð²ÐµÑ†Ð¸Ð¸ Ð² Ð¿ÑÑ‚Ð½Ð¸Ñ†Ñƒ Ð²ÐµÑ‡ÐµÑ€Ð¾Ð¼, ÑÐ¾Ð¿Ñ€Ð¾Ð²Ð¾Ð´Ð¸Ð² Ð¸Ñ… Ñ…ÑÑˆÑ‚ÐµÐ³Ð¾Ð¼ <a href="https://tjournal.ru/redirect?url=https%3A%2F%2Ftwitter.com%2Fsearch%3Fq%3D%2523LastNightInSweden%26src%3Dtypd" target="_blank" rel="noreferrer">#LastNightInSweden</a>. </p><div class="b-article__link">\n                <a href="https://tjournal.ru/redirect?url=http://www.huffingtonpost.com/entry/donald-trump-sweden-terror-lie_us_58a8f397e4b045cd34c263d3" target="_blank"><i class="icon-link"></i><span><u>http://www.huffingtonpost.com/entry/donald-trump-sweden-terror-lie_us_58a8f397e4b045cd34c263d3</u></span></a>\n            </div><div class="wrapper-image">\n        <div class="wrapper-label">\n            <div class="wrapper-wide">\n                                            <a href="/img/downloads/82f8dd10604905.jpg" class="fancybox">\n                            <img src="/img/downloads/82f8dd10604905.jpg" width="100%">\n                        </a>\n            </div>\n                            <span>Â«Ð¨Ð²ÐµÑ†Ð¸Ñ? Ð¢ÐµÑ€Ñ€Ð¾Ñ€Ð¸ÑÑ‚Ð¸Ñ‡ÐµÑÐºÐ°Ñ Ð°Ñ‚Ð°ÐºÐ°? Ð§Ñ‚Ð¾ Ð¾Ð½ ÐºÑƒÑ€Ð¸Ð»? Ð£ Ð¼ÐµÐ½Ñ Ð¼Ð½Ð¾Ð³Ð¾ Ð²Ð¾Ð¿Ñ€Ð¾ÑÐ¾Ð²Â».</span>\n        </div>\n    </div><div class="wrapper-image">\n        <div class="wrapper-label">\n            <div class="wrapper-wide">\n                                            <a href="/img/downloads/82f8dd10604905.jpg" class="fancybox">\n                            <img src="/img/downloads/82f8dd10604905.jpg" width="100%">\n                        </a>\n            </div>\n                            <span></span>\n        </div>\n    </div><div class="wrapper-image">\n        <div class="wrapper-label">\n            <div class="wrapper-wide">\n                                            <a href="/img/downloads/image.jpg" class="fancybox">\n                            <img src="/img/downloads/image.jpg" width="100%">\n                        </a>\n            </div>\n                            <span></span>\n        </div>\n    </div><div class="wrapper-image">\n        <div class="wrapper-label">\n            <div class="wrapper-wide">\n                                            <a href="/img/downloads/manzarali-duvar-kagitlari-2016-indir-14.jpg" class="fancybox">\n                            <img src="/img/downloads/manzarali-duvar-kagitlari-2016-indir-14.jpg" width="100%">\n                        </a>\n            </div>\n                            <span></span>\n        </div>\n    </div><div class="wrapper-wide">\n                    \n            <div class="wrapper-video">\n                <iframe src="http://www.youtube.com/embed/4hUoUm16TfM" width="800" height="450" frameborder="0" allowfullscreen=""></iframe>\n            </div>\n\n            </div><span class=\'instagram_url\'>https://www.instagram.com/p/BQr-tvOj6dG/?taken-by=andriushka_84</span>', 1, '7-proshloi-nochu-v-shvecii-proshloi-nochu-v-shvecii-proshloi-nochu-v-shvecii-proshloi-nochu-v-shvecii', '2017-02-19 22:42:27', 7, 'article', 43, '', '0', 0, '0', 0),
(45, 'Ð¿Ñ€Ð¾Ð²ÐµÑ€ÐºÐ°', '<p>Ñ‚ÐµÐºÑÑ‚</p>', '<p>Ñ‚ÐµÐºÑÑ‚</p><div class="wrapper-image">\n        <div class="wrapper-label">\n            <div class="wrapper-wide">\n                                            <a href="/img/downloads/82f8dd10604905.jpg" class="fancybox">\n                            <img src="/img/downloads/82f8dd10604905.jpg" width="100%">\n                        </a>\n            </div>\n                            <span>Ð¿Ð¾Ð´Ð¿Ð¸ÑÑŒ</span>\n        </div>\n    </div>', 0, '7-proverka', '2017-02-20 09:53:59', 7, 'article', 32, '', '/img/downloads/82f8dd10604905.jpg', 0, '0', 0),
(48, 'test_vimeo_again', '<p>asdasdasd</p>', '<div class="b-article__link">\n                <a href="https://tjournal.ru/redirect?url=http://web-merenkov.ru/add" target="_blank"><i class="icon-link"></i><span><u>http://web-merenkov.ru/add</u></span></a>\n            </div><p>asdasdasd</p>', 1, '8-testvimeoagain', '2017-03-11 10:49:52', 8, 'news', 0, '', '0', 0, '0', 0),
(49, 'test_vimeo_again', '<p>asdasdasd</p>', '<div class="b-article__link">\n                <a href="https://tjournal.ru/redirect?url=http://web-merenkov.ru/add" target="_blank"><i class="icon-link"></i><span><u>http://web-merenkov.ru/add</u></span></a>\n            </div><p>asdasdasd</p><div><div style="left: 0px; width: 100%; height: 0px; position: relative; padding-bottom: 56.2493%;"><iframe src="https://player.vimeo.com/video/207263942?byline=0&amp;badge=0&amp;portrait=0&amp;title=0" frameborder="0" allowfullscreen style="top: 0px; left: 0px; width: 100%; height: 100%; position: absolute;"></iframe></div></div>', 0, '8-testvimeoagain', '2017-03-11 10:50:30', 8, 'news', 0, '', '0', 0, '0', 0),
(50, 'testinstagram', '<p>testsetest</p>', '<p>testsetest</p>', 0, '8-testinstagram', '2017-03-11 12:29:58', 8, 'article', 4, '', '0', 0, '0', 0),
(51, 'testinstagramopiat', '<p>testopiat\'</p>', '<p>testopiat\'</p><blockquote class="instagram-media" data-instgrm-captioned data-instgrm-version="7" style=" background:#FFF; border:0; border-radius:3px; box-shadow:0 0 1px 0 rgba(0,0,0,0.5),0 1px 10px 0 rgba(0,0,0,0.15); margin: 1px; max-width:658px; padding:0; width:99.375%; width:-webkit-calc(100% - 2px); width:calc(100% - 2px);"><div style="padding:8px;"> <div style=" background:#F8F8F8; line-height:0; margin-top:40px; padding:62.4537037037037% 0; text-align:center; width:100%;"> <div style=" background:url(data:image/png;base64,iVBORw0KGgoAAAANSUhEUgAAACwAAAAsCAMAAAApWqozAAAABGdBTUEAALGPC/xhBQAAAAFzUkdCAK7OHOkAAAAMUExURczMzPf399fX1+bm5mzY9AMAAADiSURBVDjLvZXbEsMgCES5/P8/t9FuRVCRmU73JWlzosgSIIZURCjo/ad+EQJJB4Hv8BFt+IDpQoCx1wjOSBFhh2XssxEIYn3ulI/6MNReE07UIWJEv8UEOWDS88LY97kqyTliJKKtuYBbruAyVh5wOHiXmpi5we58Ek028czwyuQdLKPG1Bkb4NnM+VeAnfHqn1k4+GPT6uGQcvu2h2OVuIf/gWUFyy8OWEpdyZSa3aVCqpVoVvzZZ2VTnn2wU8qzVjDDetO90GSy9mVLqtgYSy231MxrY6I2gGqjrTY0L8fxCxfCBbhWrsYYAAAAAElFTkSuQmCC); display:block; height:44px; margin:0 auto -44px; position:relative; top:-22px; width:44px;"></div></div> <p style=" margin:8px 0 0 0; padding:0 4px;"> <a href="https://www.instagram.com/p/BRKkYYPDZyy/" style=" color:#000; font-family:Arial,sans-serif; font-size:14px; font-style:normal; font-weight:normal; line-height:17px; text-decoration:none; word-wrap:break-word;" target="_blank">ÐŸÐ¾Ñ…Ð¾Ð¶Ð°? ðŸ˜ðŸ²ðŸ”¥#ÐšÐ°Ñ‚ÑŒÐ—Ð¸Ð»Ð»Ð° â¤ ÐÐžÐ’ÐžÐ• Ð’Ð˜Ð”Ð•Ðž ÑƒÐ¶Ðµ Ð½Ð° ÐºÐ°Ð½Ð°Ð»Ðµ! Ð¡ÑÑ‹Ð»ÐºÐ° Ð² Ð±Ð¸Ð¾ Ð˜Ð½ÑÑ‚Ð°Ð³Ñ€Ð°Ð¼Ð°! ðŸ’‹</a></p> <p style=" color:#c9c8cd; font-family:Arial,sans-serif; font-size:14px; line-height:17px; margin-bottom:0; margin-top:8px; overflow:hidden; padding:8px 0 7px; text-align:center; text-overflow:ellipsis; white-space:nowrap;">A post shared by Kate Clapp (@kateclapp) on <time style=" font-family:Arial,sans-serif; font-size:14px; line-height:17px;" datetime="2017-03-03T06:00:15+00:00">Mar 2, 2017 at 10:00pm PST</time></p></div></blockquote>\n<script async defer src="//platform.instagram.com/en_US/embeds.js"></script>', 0, '8-testinstagramopiat', '2017-03-11 12:32:54', 8, 'article', 4, '', '0', 0, '0', 0),
(52, 'testtewiiieter', '<p>testsetset</p>', '<p>testsetset</p>text', 0, '8-testtewiiieter', '2017-03-11 12:33:57', 8, 'article', 4, '', '0', 0, '0', 0),
(53, 'testtewiiieter', '<p>testsetset</p>', '<p>testsetset</p><div class="wrapper-tweet"><a href="https://twitter.com/tjournal/status/840494731423600640" data-iframely-url="//cdn.iframe.ly/api/iframe?url=https%3A%2F%2Ftwitter.com%2Ftjournal%2Fstatus%2F840494731423600640&key=a458d2a49c48e2ef7d0a9517714338c2"></a><script async src="//cdn.iframe.ly/embed.js" charset="utf-8"></script><span>Â«alooÂ»</span>\n          </div>', 0, '8-testtewiiieter', '2017-03-11 12:34:36', 8, 'article', 0, '', '0', 0, '0', 0),
(54, 'teset gallery', '<p>text</p>', '<p>text</p><div class="wrapper-wide">\n                    <div class="wrapper-bg-light">\n        \n        <style>.fotorama1489224990691 .fotorama__nav--thumbs .fotorama__nav__frame{\npadding:8px;\nheight:64px}\n.fotorama1489224990691 .fotorama__thumb-border{\nheight:60px;\nborder-width:2px;\nmargin-top:8px}</style><div class="fotorama--hidden"></div>\n<div class="fotorama fotorama1489224990691" data-nav="thumbs" data-thumbmargin="8">\n<div class="fotorama__wrap fotorama__wrap--css3 fotorama__wrap--slide" style="width: 600px; max-width: 100%;">\n<div class="fotorama__stage" style="width: 600px; height: 450px;">\n\n<div class="fotorama__stage__shaft fotorama__grab" style="transition-duration: 0ms; transform: translate3d(0.001px, 0px, 0px); width: 600px; margin-left: 0px;"><div class="fotorama__stage__frame fotorama__active fotorama__loaded fotorama__loaded--img" style="left: 0px;">\n<img src="http://r.ddmcdn.com/s_f/o_1/cx_633/cy_0/cw_1725/ch_1725/w_720/APL/uploads/2014/11/too-cute-doggone-it-video-playlist.jpg" class="fotorama__img" style="width: 600px; height: 450px; margin-left: -300px; margin-top: -225px;"><div class="fotorama__caption"><div class="fotorama__caption__wrap">test</div>\n</div>\n\n</div><div class="fotorama__stage__frame fotorama__loaded fotorama__loaded fotorama__loaded--img" style="left: 0px;">\n<img src="https://images-na.ssl-images-amazon.com/images/G/01/img15/pet-products/small-tiles/23695_pets_vertical_store_dogs_small_tile_8._CB312176604_.jpg" class="fotorama__img" style="width: 600px; height: 450px; margin-left: -300px; margin-top: -225px;"></div>\n<div class="fotorama__arr fotorama__arr--prev fotorama__arr--disabled">\n</div>\n\n<div class="fotorama__arr fotorama__arr--next"></div>\n<div class="fotorama__video-close"></div></div>\n<div class="fotorama__nav-wrap"><div class="fotorama__nav fotorama__nav--thumbs" style="width: 600px;">\n<div class="fotorama__nav__shaft" style="transition-duration: 0ms; transform: translate3d(0px, 0px, 0px);">\n<div class="fotorama__thumb-border" style="transition-duration: 0ms; transform: translate3d(0px, 0px, 0px); width: 60px;"></div><div class="fotorama__nav__frame fotorama__nav__frame--thumb" style="width: 64px;">\n<div class="fotorama__thumb fotorama__loaded fotorama__loaded--img"><img src="http://r.ddmcdn.com/s_f/o_1/cx_633/cy_0/cw_1725/ch_1725/w_720/APL/uploads/2014/11/too-cute-doggone-it-video-playlist.jpg" class="fotorama__img" style="width: 86px; height: 64px; margin-left: -43px; margin-top: -32px;">\n</div>\n</div><div class="fotorama__nav__frame fotorama__nav__frame--thumb" style="width: 64px;">\n<div class="fotorama__thumb fotorama__loaded fotorama__loaded--img"><img src="https://images-na.ssl-images-amazon.com/images/G/01/img15/pet-products/small-tiles/23695_pets_vertical_store_dogs_small_tile_8._CB312176604_.jpg" class="fotorama__img" style="width: 86px; height: 64px; margin-left: -43px; margin-top: -32px;">\n</div>\n</div>\n</div>\n</div>\n</div>\n</div>\n\n</div>\n\n        \n                    </div>\n        \n    </div>', 0, '8-teset-gallery', '2017-03-11 13:50:00', 8, 'article', 3, '', '0', 0, '0', 0),
(55, 'tesetgallery2', '<p>text</p>', '<p>text</p><<div class="wrapper-bg-light">\n        \n        <style>.fotorama1489229501865 .fotorama__nav--thumbs .fotorama__nav__frame{\npadding:8px;\nheight:64px}\n.fotorama1489229501865 .fotorama__thumb-border{\nheight:60px;\nborder-width:2px;\nmargin-top:8px}</style><div class="fotorama--hidden"></div><div class="fotorama fotorama1489229501865" data-nav="thumbs" data-thumbmargin="8"><div class="fotorama__wrap fotorama__wrap--css3 fotorama__wrap--slide fotorama__wrap--no-controls" style="width: 600px; max-width: 100%;"><div class="fotorama__stage" style="width: 600px; height: 450px;"><div class="fotorama__stage__shaft fotorama__grab" style="transition-duration: 0ms; transform: translate3d(0.001px, 0px, 0px); width: 600px; margin-left: 0px;"></div><div class="fotorama__stage__frame fotorama__active fotorama__loaded fotorama__loaded--img" style="left: 0px;">\n<img src="http://r.ddmcdn.com/s_f/o_1/cx_633/cy_0/cw_1725/ch_1725/w_720/APL/uploads/2014/11/too-cute-doggone-it-video-playlist.jpg" class="fotorama__img" style="width: 600px; height: 450px; margin-left: -300px; margin-top: -225px;"><div class="fotorama__caption"><div class="fotorama__caption__wrap">test</div>\n</div>\n\n</div><div class="fotorama__stage__frame fotorama__loaded fotorama__loaded fotorama__loaded--img" style="left: 0px;">\n<img src="https://images-na.ssl-images-amazon.com/images/G/01/img15/pet-products/small-tiles/23695_pets_vertical_store_dogs_small_tile_8._CB312176604_.jpg" class="fotorama__img" style="width: 600px; height: 450px; margin-left: -300px; margin-top: -225px;">\n<div class="fotorama__arr fotorama__arr--prev fotorama__arr--disabled"></div><div class="fotorama__arr fotorama__arr--next"></div><div class="fotorama__video-close"></div></div><div class="fotorama__nav-wrap"><div class="fotorama__nav fotorama__nav--thumbs" style="width: 600px;"><div class="fotorama__nav__shaft" style="transition-duration: 0ms; transform: translate3d(0px, 0px, 0px);"><div class="fotorama__thumb-border" style="transition-duration: 0ms; transform: translate3d(0px, 0px, 0px); width: 60px;"></div><div class="fotorama__nav__frame fotorama__nav__frame--thumb" style="width: 64px;">\n<div class="fotorama__thumb fotorama__loaded fotorama__loaded--img"><img src="http://r.ddmcdn.com/s_f/o_1/cx_633/cy_0/cw_1725/ch_1725/w_720/APL/uploads/2014/11/too-cute-doggone-it-video-playlist.jpg" class="fotorama__img" style="width: 86px; height: 64px; margin-left: -43px; margin-top: -32px;">\n</div>\n</div><div class="fotorama__nav__frame fotorama__nav__frame--thumb" style="width: 64px;">\n<div class="fotorama__thumb fotorama__loaded fotorama__loaded--img"><img src="https://images-na.ssl-images-amazon.com/images/G/01/img15/pet-products/small-tiles/23695_pets_vertical_store_dogs_small_tile_8._CB312176604_.jpg" class="fotorama__img" style="width: 86px; height: 64px; margin-left: -43px; margin-top: -32px;">\n</div>\n</div>\n</div></div></div></div></div>\n\n        \n                    </div>', 0, '8-tesetgallery2', '2017-03-11 13:55:25', 8, 'article', 2, '', '0', 0, '0', 0),
(56, 'tesetgallery3', '<p>text</p>', '<p>text</p><div class="wrapper-bg-light">\n        \n        <style>.fotorama1489229501865 .fotorama__nav--thumbs .fotorama__nav__frame{\npadding:8px;\nheight:64px}\n.fotorama1489229501865 .fotorama__thumb-border{\nheight:60px;\nborder-width:2px;\nmargin-top:8px}</style><div class="fotorama--hidden"></div><div class="fotorama fotorama1489229501865" data-nav="thumbs" data-thumbmargin="8"><div class="fotorama__wrap fotorama__wrap--css3 fotorama__wrap--slide fotorama__wrap--no-controls" style="width: 600px; max-width: 100%;"><div class="fotorama__stage" style="width: 600px; height: 450px;"><div class="fotorama__stage__shaft fotorama__grab" style="transition-duration: 0ms; transform: translate3d(0.001px, 0px, 0px); width: 600px; margin-left: 0px;"><div class="fotorama__stage__frame fotorama__active fotorama__loaded fotorama__loaded--img" style="left: 0px;">\n<img src="http://r.ddmcdn.com/s_f/o_1/cx_633/cy_0/cw_1725/ch_1725/w_720/APL/uploads/2014/11/too-cute-doggone-it-video-playlist.jpg" class="fotorama__img" style="width: 600px; height: 450px; margin-left: -300px; margin-top: -225px;"><div class="fotorama__caption"><div class="fotorama__caption__wrap">test</div>\n</div>\n\n</div><div class="fotorama__stage__frame fotorama__loaded fotorama__loaded fotorama__loaded--img" style="left: 0px;">\n<img src="https://images-na.ssl-images-amazon.com/images/G/01/img15/pet-products/small-tiles/23695_pets_vertical_store_dogs_small_tile_8._CB312176604_.jpg" class="fotorama__img" style="width: 600px; height: 450px; margin-left: -300px; margin-top: -225px;">\n<div class="fotorama__arr fotorama__arr--prev fotorama__arr--disabled"></div><div class="fotorama__arr fotorama__arr--next"></div><div class="fotorama__video-close"></div></div><div class="fotorama__nav-wrap"><div class="fotorama__nav fotorama__nav--thumbs" style="width: 600px;"><div class="fotorama__nav__shaft" style="transition-duration: 0ms; transform: translate3d(0px, 0px, 0px);"><div class="fotorama__thumb-border" style="transition-duration: 0ms; transform: translate3d(0px, 0px, 0px); width: 60px;"></div></div><div class="fotorama__nav__frame fotorama__nav__frame--thumb" style="width: 64px;">\n<div class="fotorama__thumb fotorama__loaded fotorama__loaded--img"><img src="http://r.ddmcdn.com/s_f/o_1/cx_633/cy_0/cw_1725/ch_1725/w_720/APL/uploads/2014/11/too-cute-doggone-it-video-playlist.jpg" class="fotorama__img" style="width: 86px; height: 64px; margin-left: -43px; margin-top: -32px;">\n</div>\n</div></div><div class="fotorama__nav__frame fotorama__nav__frame--thumb" style="width: 64px;">\n<div class="fotorama__thumb fotorama__loaded fotorama__loaded--img"><img src="https://images-na.ssl-images-amazon.com/images/G/01/img15/pet-products/small-tiles/23695_pets_vertical_store_dogs_small_tile_8._CB312176604_.jpg" class="fotorama__img" style="width: 86px; height: 64px; margin-left: -43px; margin-top: -32px;">\n</div>\n</div>\n</div></div></div></div></div>\n\n        \n                    </div>', 0, '8-tesetgallery3', '2017-03-11 13:56:24', 8, 'article', 5, '', '0', 0, '0', 0);
INSERT INTO `news` (`news_id`, `news_title`, `news_limited`, `news_text`, `news_like`, `news_url`, `news_date`, `user_id`, `news_type`, `news_watched`, `news_img`, `img_cover_url`, `total_comments`, `news_video_cover`, `activated`) VALUES
(57, 'tesetgallery4', '<p>text</p>', '<p>text</p><div class="wrapper-bg-light">\n        \n        <style>.fotorama1489229501865 .fotorama__nav--thumbs .fotorama__nav__frame{\npadding:8px;\nheight:64px}\n.fotorama1489229501865 .fotorama__thumb-border{\nheight:60px;\nborder-width:2px;\nmargin-top:8px}</style><div class="fotorama--hidden"></div><div class="fotorama fotorama1489229501865" data-nav="thumbs" data-thumbmargin="8"><div class="fotorama__wrap fotorama__wrap--css3 fotorama__wrap--slide fotorama__wrap--no-controls" style="width: 600px; max-width: 100%;"><div class="fotorama__stage" style="width: 600px; height: 450px;"><div class="fotorama__stage__shaft fotorama__grab" style="transition-duration: 0ms; transform: translate3d(0.001px, 0px, 0px); width: 600px; margin-left: 0px;"><div class="fotorama__stage__frame fotorama__active fotorama__loaded fotorama__loaded--img" style="left: 0px;">\n<img src="http://r.ddmcdn.com/s_f/o_1/cx_633/cy_0/cw_1725/ch_1725/w_720/APL/uploads/2014/11/too-cute-doggone-it-video-playlist.jpg" class="fotorama__img" style="width: 600px; height: 450px; margin-left: -300px; margin-top: -225px;"><div class="fotorama__caption"><div class="fotorama__caption__wrap">test</div>\n</div></div><<div class="fotorama__stage__frame fotorama__loaded fotorama__loaded--img" style="left: 602px;"><img src="https://images-na.ssl-images-amazon.com/images/G/01/img15/pet-products/small-tiles/23695_pets_vertical_store_dogs_small_tile_8._CB312176604_.jpg" class="fotorama__img" style="width: 600px; height: 450px; margin-left: -300px; margin-top: -225px;"></div>\n<div class="fotorama__arr fotorama__arr--prev fotorama__arr--disabled"></div><div class="fotorama__arr fotorama__arr--next"></div><div class="fotorama__video-close"></div></div><div class="fotorama__nav-wrap"><div class="fotorama__nav fotorama__nav--thumbs" style="width: 600px;"><div class="fotorama__nav__shaft" style="transition-duration: 0ms; transform: translate3d(0px, 0px, 0px);"><div class="fotorama__thumb-border" style="transition-duration: 0ms; transform: translate3d(0px, 0px, 0px); width: 60px;"></div></div><div class="fotorama__nav__frame fotorama__nav__frame--thumb" style="width: 64px;">\n<div class="fotorama__thumb fotorama__loaded fotorama__loaded--img"><img src="http://r.ddmcdn.com/s_f/o_1/cx_633/cy_0/cw_1725/ch_1725/w_720/APL/uploads/2014/11/too-cute-doggone-it-video-playlist.jpg" class="fotorama__img" style="width: 86px; height: 64px; margin-left: -43px; margin-top: -32px;">\n</div>\n</div></div><div class="fotorama__nav__frame fotorama__nav__frame--thumb" style="width: 64px;">\n<div class="fotorama__thumb fotorama__loaded fotorama__loaded--img"><img src="https://images-na.ssl-images-amazon.com/images/G/01/img15/pet-products/small-tiles/23695_pets_vertical_store_dogs_small_tile_8._CB312176604_.jpg" class="fotorama__img" style="width: 86px; height: 64px; margin-left: -43px; margin-top: -32px;">\n</div>\n</div>\n</div></div></div></div></div>\n\n        \n                    </div>', 0, '8-tesetgallery4', '2017-03-11 13:59:32', 8, 'article', 2, '', '0', 0, '0', 0),
(58, 'tesetgallery5', '<p>text</p>', '<p>text</p><div class="wrapper-bg-light">\n        \n        <style>.fotorama1489229501865 .fotorama__nav--thumbs .fotorama__nav__frame{\npadding:8px;\nheight:64px}\n.fotorama1489229501865 .fotorama__thumb-border{\nheight:60px;\nborder-width:2px;\nmargin-top:8px}</style>\n<div class="fotorama--hidden"></div><div class="fotorama fotorama1489229501865" data-nav="thumbs" data-thumbmargin="8"><div class="fotorama__wrap fotorama__wrap--css3 fotorama__wrap--slide fotorama__wrap--no-controls" style="width: 600px; max-width: 100%;"><div class="fotorama__stage" style="width: 600px; height: 450px;"><div class="fotorama__stage__shaft fotorama__grab" style="transition-duration: 0ms; transform: translate3d(0.001px, 0px, 0px); width: 600px; margin-left: 0px;"><div class="fotorama__stage__frame fotorama__active fotorama__loaded fotorama__loaded--img" style="left: 0px;">\n<img src="http://r.ddmcdn.com/s_f/o_1/cx_633/cy_0/cw_1725/ch_1725/w_720/APL/uploads/2014/11/too-cute-doggone-it-video-playlist.jpg" class="fotorama__img" style="width: 600px; height: 450px; margin-left: -300px; margin-top: -225px;"><div class="fotorama__caption"><div class="fotorama__caption__wrap">test</div>\n</div></div><div class="fotorama__stage__frame fotorama__loaded fotorama__loaded--img" style="left: 602px;"><img src="https://images-na.ssl-images-amazon.com/images/G/01/img15/pet-products/small-tiles/23695_pets_vertical_store_dogs_small_tile_8._CB312176604_.jpg" class="fotorama__img" style="width: 600px; height: 450px; margin-left: -300px; margin-top: -225px;"></div>\n<div class="fotorama__arr fotorama__arr--prev fotorama__arr--disabled"></div><div class="fotorama__arr fotorama__arr--next"></div><div class="fotorama__video-close"></div></div><div class="fotorama__nav-wrap"><div class="fotorama__nav fotorama__nav--thumbs" style="width: 600px;"><div class="fotorama__nav__shaft" style="transition-duration: 0ms; transform: translate3d(0px, 0px, 0px);">\n<div class="fotorama__thumb-border" style="transition-duration: 0ms; transform: translate3d(0px, 0px, 0px); width: 60px;"></div><div class="fotorama__nav__frame fotorama__nav__frame--thumb" style="width: 64px;">\n<div class="fotorama__thumb fotorama__loaded fotorama__loaded--img"><img src="http://r.ddmcdn.com/s_f/o_1/cx_633/cy_0/cw_1725/ch_1725/w_720/APL/uploads/2014/11/too-cute-doggone-it-video-playlist.jpg" class="fotorama__img" style="width: 86px; height: 64px; margin-left: -43px; margin-top: -32px;">\n</div>\n</div><div class="fotorama__nav__frame fotorama__nav__frame--thumb" style="width: 64px;">\n<div class="fotorama__thumb fotorama__loaded fotorama__loaded--img"><img src="https://images-na.ssl-images-amazon.com/images/G/01/img15/pet-products/small-tiles/23695_pets_vertical_store_dogs_small_tile_8._CB312176604_.jpg" class="fotorama__img" style="width: 86px; height: 64px; margin-left: -43px; margin-top: -32px;">\n</div>\n</div>\n</div></div></div></div></div>\n                    </div>', 0, '8-tesetgallery5', '2017-03-11 14:00:37', 8, 'article', 3, '', '0', 0, '0', 0),
(59, 'tesetgallery6', '<p>text</p>', '<p>text</p><div class="wrapper-wide">\n                    <div class="wrapper-bg-light">\n        \n        <style>.fotorama1489229501823 .fotorama__nav--thumbs .fotorama__nav__frame{\npadding:8px;\nheight:64px}\n.fotorama1489229501823 .fotorama__thumb-border{\nheight:60px;\nborder-width:2px;\nmargin-top:8px}</style><div class="fotorama--hidden"></div><div class="fotorama fotorama1489229501823" data-nav="thumbs" data-thumbmargin="8"><div class="fotorama__wrap fotorama__wrap--css3 fotorama__wrap--slide" style="width: 600px; max-width: 100%;"><div class="fotorama__stage" style="width: 600px; height: 450px;"><div class="fotorama__stage__shaft fotorama__grab" style="transition-duration: 0ms; transform: translate3d(0.001px, 0px, 0px); width: 600px; margin-left: 0px;"><div class="fotorama__stage__frame fotorama__active fotorama__loaded fotorama__loaded--img" style="left: 0px;">\n<img src="http://r.ddmcdn.com/s_f/o_1/cx_633/cy_0/cw_1725/ch_1725/w_720/APL/uploads/2014/11/too-cute-doggone-it-video-playlist.jpg" class="fotorama__img" style="width: 600px; height: 450px; margin-left: -300px; margin-top: -225px;"><div class="fotorama__caption"><div class="fotorama__caption__wrap">test</div>\n</div></div><div class="fotorama__stage__frame fotorama__loaded fotorama__loaded--img" style="left: 602px;"><img src="https://images-na.ssl-images-amazon.com/images/G/01/img15/pet-products/small-tiles/23695_pets_vertical_store_dogs_small_tile_8._CB312176604_.jpg" class="fotorama__img" style="width: 600px; height: 450px; margin-left: -300px; margin-top: -225px;"></div>\n   </div><div class="fotorama__arr fotorama__arr--prev fotorama__arr--disabled"></div><div class="fotorama__arr fotorama__arr--next"></div><div class="fotorama__video-close"></div></div><div class="fotorama__nav-wrap"><div class="fotorama__nav fotorama__nav--thumbs" style="width: 600px;"><div class="fotorama__nav__shaft" style="transition-duration: 0ms; transform: translate3d(0px, 0px, 0px);"><div class="fotorama__thumb-border" style="transition-duration: 0ms; transform: translate3d(0px, 0px, 0px); width: 60px;"></div>\n</div></div></div></div></div>\n\n        \n                    </div>\n        \n    </div>', 0, '8-tesetgallery6', '2017-03-11 14:06:07', 8, 'article', 2, '', '0', 0, '0', 0),
(60, 'tesetgallery7', '<p>text</p>', '<p>text</p><div class="wrapper-wide">\n                    <div class="wrapper-bg-light">\n        \n        <style>.fotorama1489229501823 .fotorama__nav--thumbs .fotorama__nav__frame{\npadding:8px;\nheight:64px}\n.fotorama1489229501823 .fotorama__thumb-border{\nheight:60px;\nborder-width:2px;\nmargin-top:8px}</style>\n<div class="fotorama--hidden"></div>\n<div class="fotorama fotorama1489229501823" data-nav="thumbs" data-thumbmargin="8"><div class="fotorama__wrap fotorama__wrap--css3 fotorama__wrap--slide" style="width: 600px; max-width: 100%;"><div class="fotor\nama__stage" style="width: 600px; height: 450px;"><div class="fotorama__stage__shaft fotorama__grab" style="transition-duration: 0ms; transform: translate3d(0.001px, 0px, 0px); width: 600px; margin-left: 0px;"><div class="fotorama__stage__frame fotorama__active fotorama__loaded fotorama__loaded--img" style="left: 0px;">\n<img src="http://r.ddmcdn.com/s_f/o_1/cx_633/cy_0/cw_1725/ch_1725/w_720/APL/uploads/2014/11/too-cute-doggone-it-video-playlist.jpg" class="fotorama__img" style="width: 600px; height: 450px; margin-left: -300px; margin-top: -225px;"><div class="fotorama__caption"><div class="fotorama__caption__wrap">test</div>\n</div></div><div class="fotorama__stage__frame fotorama__loaded fotorama__loaded--img" style="left: 602px;"><img src="https://images-na.ssl-images-amazon.com/images/G/01/img15/pet-products/small-tiles/23695_pets_vertical_store_dogs_small_tile_8._CB312176604_.jpg" class="fotorama__img" style="width: 600px; height: 450px; margin-left: -300px; margin-top: -225px;"></div>\n   </div><div class="fotorama__arr fotorama__arr--prev fotorama__arr--disabled"></div><div class="fotorama__arr fotorama__arr--next"></div><div class="fotorama__video-close"></div></div><div class="fotorama__nav-wrap"><div class="fotorama__nav fotorama__nav--thumbs" style="width: 600px;"><div class="fotorama__nav__shaft" style="transition-duration: 0ms; transform: translate3d(0px, 0px, 0px);"><div class="fotorama__thumb-border" style="transition-duration: 0ms; transform: translate3d(0px, 0px, 0px); width: 60px;"></div><div class="fotorama__nav__frame fotorama__nav__frame--thumb fotorama__active" style="width: 64px;"><div class="fotorama__thumb fotorama__loaded fotorama__loaded--img"><img src="http://r.ddmcdn.com/s_f/o_1/cx_633/cy_0/cw_1725/ch_1725/w_720/APL/uploads/2014/11/too-cute-doggone-it-video-playlist.jpg" class="fotorama__img" style="width: 86px; height: 64px; margin-left: -43px; margin-top: -32px;"></div></div><div class="fotorama__nav__frame fotorama__nav__frame--thumb" style="width: 64px;"><div class="fotorama__thumb fotorama__loaded fotorama__loaded--img"><img src="https://images-na.ssl-images-amazon.com/images/G/01/img15/pet-products/small-tiles/23695_pets_vertical_store_dogs_small_tile_8._CB312176604_.jpg" class="fotorama__img" style="width: 86px; height: 64px; margin-left: -43px; margin-top: -32px;"></div></div>\n</div></div></div></div></div>\n\n        \n                    </div>\n        \n    </div>', 0, '8-tesetgallery7', '2017-03-11 14:08:43', 8, 'article', 11, '', '0', 0, '0', 0),
(61, 'tesetgallery8', '<p>text</p>', '<p>text</p><div class="wrapper-wide">\n                    <div class="wrapper-bg-light">\n\n<div class="fotorama--hidden"></div>\n<div class="fotorama fotorama1489229501823" data-nav="thumbs" data-thumbmargin="8"><div class="fotorama__wrap fotorama__wrap--css3 fotorama__wrap--slide"><div class="fotor\nama__stage" ><div class="fotorama__stage__shaft fotorama__grab"><div class="fotorama__stage__frame fotorama__active fotorama__loaded fotorama__loaded--img" >\n<img src="http://r.ddmcdn.com/s_f/o_1/cx_633/cy_0/cw_1725/ch_1725/w_720/APL/uploads/2014/11/too-cute-doggone-it-video-playlist.jpg" class="fotorama__img" ><div class="fotorama__caption"><div class="fotorama__caption__wrap">test</div>\n</div></div><div class="fotorama__stage__frame fotorama__loaded fotorama__loaded--img" ><img src="https://images-na.ssl-images-amazon.com/images/G/01/img15/pet-products/small-tiles/23695_pets_vertical_store_dogs_small_tile_8._CB312176604_.jpg" class="fotorama__img" ></div>\n   </div><div class="fotorama__arr fotorama__arr--prev fotorama__arr--disabled"></div><div class="fotorama__arr fotorama__arr--next"></div><div class="fotorama__video-close"></div></div><div class="fotorama__nav-wrap"><div class="fotorama__nav fotorama__nav--thumbs" style="width: 600px;"><div class="fotorama__nav__shaft" s><div class="fotorama__thumb-border" ></div><div class="fotorama__nav__frame fotorama__nav__frame--thumb fotorama__active" style="width: 64px;"><div class="fotorama__thumb fotorama__loaded fotorama__loaded--img"><img src="http://r.ddmcdn.com/s_f/o_1/cx_633/cy_0/cw_1725/ch_1725/w_720/APL/uploads/2014/11/too-cute-doggone-it-video-playlist.jpg" class="fotorama__img" ></div></div><div class="fotorama__nav__frame fotorama__nav__frame--thumb" ><div class="fotorama__thumb fotorama__loaded fotorama__loaded--img"><img src="https://images-na.ssl-images-amazon.com/images/G/01/img15/pet-products/small-tiles/23695_pets_vertical_store_dogs_small_tile_8._CB312176604_.jpg" class="fotorama__img" ></div></div>\n</div></div></div></div></div>\n\n        \n                    </div>\n        \n    </div>', 0, '8-tesetgallery8', '2017-03-11 14:15:10', 8, 'article', 3, '', '0', 0, '0', 0),
(62, 'tesetgallery9', '<p>text</p>', '<p>text</p><div class="wrapper-wide">\n                    <div class="wrapper-bg-light">\n        \n        <style>.fotorama1489229501823 .fotorama__nav--thumbs .fotorama__nav__frame{\npadding:8px;\nheight:64px}\n.fotorama1489229501823 .fotorama__thumb-border{\nheight:60px;\nborder-width:2px;\nmargin-top:8px}</style>\n<div class="fotorama--hidden"></div>\n<div class="fotorama fotorama1489229501823" data-nav="thumbs" data-thumbmargin="8"><div class="fotorama__wrap fotorama__wrap--css3 fotorama__wrap--slide" style="width: 100%; max-width: 100%;"><div class="fotor\nama__stage" style="width: 100%; height: 100%;"><div class="fotorama__stage__shaft fotorama__grab" style="transition-duration: 0ms; transform: translate3d(0.001px, 0px, 0px); width: 600px; margin-left: 0px;"><div class="fotorama__stage__frame fotorama__active fotorama__loaded fotorama__loaded--img" style="left: 0px;">\n<img src="http://r.ddmcdn.com/s_f/o_1/cx_633/cy_0/cw_1725/ch_1725/w_720/APL/uploads/2014/11/too-cute-doggone-it-video-playlist.jpg" class="fotorama__img" style="width: 100%; height: 100%; margin-left: -300px; margin-top: -225px;"><div class="fotorama__caption"><div class="fotorama__caption__wrap">test</div>\n</div></div><div class="fotorama__stage__frame fotorama__loaded fotorama__loaded--img" style="left: 602px;"><img src="https://images-na.ssl-images-amazon.com/images/G/01/img15/pet-products/small-tiles/23695_pets_vertical_store_dogs_small_tile_8._CB312176604_.jpg" class="fotorama__img" style="width: 600px; height: 450px; margin-left: -300px; margin-top: -225px;"></div>\n   </div><div class="fotorama__arr fotorama__arr--prev fotorama__arr--disabled"></div><div class="fotorama__arr fotorama__arr--next"></div><div class="fotorama__video-close"></div></div><div class="fotorama__nav-wrap"><div class="fotorama__nav fotorama__nav--thumbs" style="width: 600px;"><div class="fotorama__nav__shaft" style="transition-duration: 0ms; transform: translate3d(0px, 0px, 0px);"><div class="fotorama__thumb-border" style="transition-duration: 0ms; transform: translate3d(0px, 0px, 0px); width: 60px;"></div><div class="fotorama__nav__frame fotorama__nav__frame--thumb fotorama__active" style="width: 100%;"><div class="fotorama__thumb fotorama__loaded fotorama__loaded--img"><img src="http://r.ddmcdn.com/s_f/o_1/cx_633/cy_0/cw_1725/ch_1725/w_720/APL/uploads/2014/11/too-cute-doggone-it-video-playlist.jpg" class="fotorama__img" style="width: 100%; height: 100%; margin-left: -43px; margin-top: -32px;"></div></div><div class="fotorama__nav__frame fotorama__nav__frame--thumb" style="width: 64px;"><div class="fotorama__thumb fotorama__loaded fotorama__loaded--img"><img src="https://images-na.ssl-images-amazon.com/images/G/01/img15/pet-products/small-tiles/23695_pets_vertical_store_dogs_small_tile_8._CB312176604_.jpg" class="fotorama__img" style="width: 86px; height: 64px; margin-left: -43px; margin-top: -32px;"></div></div>\n</div></div></div></div></div>\n\n        \n                    </div>\n        \n    </div>', 0, '8-tesetgallery9', '2017-03-11 14:20:20', 8, 'article', 4, '', '0', 0, '0', 0),
(63, 'tesetgallery10', '<p>text</p>', '<p>text</p>\n<div class="wrapper-wide">\n         <div class="wrapper-bg-light">\n            <div class="fotorama"\n     data-nav="thumbs"> <a href="http://r.ddmcdn.com/s_f/o_1/cx_633/cy_0/cw_1725/ch_1725/w_720/APL/uploads/2014/11/too-cute-doggone-it-video-playlist.jpg"><img src="http://r.ddmcdn.com/s_f/o_1/cx_633/cy_0/cw_1725/ch_1725/w_720/APL/uploads/2014/11/too-cute-doggone-it-video-playlist.jpg"></a> <a href="https://images-na.ssl-images-amazon.com/images/G/01/img15/pet-products/small-tiles/23695_pets_vertical_store_dogs_small_tile_8._CB312176604_.jpg"><img src="https://images-na.ssl-images-amazon.com/images/G/01/img15/pet-products/small-tiles/23695_pets_vertical_store_dogs_small_tile_8._CB312176604_.jpg"></a>\n</div></div></div>', 0, '8-tesetgallery10', '2017-03-11 15:10:42', 8, 'article', 4, '', '0', 0, '0', 0),
(64, 'tesetgallery10', '<p>text</p>', '<p>text</p>\n<div class="wrapper-wide">\n         <div class="wrapper-bg-light">\n            <div class="fotorama"\n     data-nav="thumbs"> <a href="http://r.ddmcdn.com/s_f/o_1/cx_633/cy_0/cw_1725/ch_1725/w_720/APL/uploads/2014/11/too-cute-doggone-it-video-playlist.jpg"><img src="http://r.ddmcdn.com/s_f/o_1/cx_633/cy_0/cw_1725/ch_1725/w_720/APL/uploads/2014/11/too-cute-doggone-it-video-playlist.jpg"></a> <a href="https://images-na.ssl-images-amazon.com/images/G/01/img15/pet-products/small-tiles/23695_pets_vertical_store_dogs_small_tile_8._CB312176604_.jpg"><img src="https://images-na.ssl-images-amazon.com/images/G/01/img15/pet-products/small-tiles/23695_pets_vertical_store_dogs_small_tile_8._CB312176604_.jpg"></a>\n</div></div></div>', 0, '8-tesetgallery10', '2017-03-11 15:11:07', 8, 'article', 0, '', '0', 0, '0', 0),
(65, 'tesetgallery11', '<p>text</p>', '<p>text</p>\n<div class="wrapper-wide">\n         <div class="wrapper-bg-light">\n            <div class="fotorama"\n     data-nav="thumbs"> <a href="http://r.ddmcdn.com/s_f/o_1/cx_633/cy_0/cw_1725/ch_1725/w_720/APL/uploads/2014/11/too-cute-doggone-it-video-playlist.jpg"><img src="http://r.ddmcdn.com/s_f/o_1/cx_633/cy_0/cw_1725/ch_1725/w_720/APL/uploads/2014/11/too-cute-doggone-it-video-playlist.jpg" data-caption="test"></a> <a href="https://images-na.ssl-images-amazon.com/images/G/01/img15/pet-products/small-tiles/23695_pets_vertical_store_dogs_small_tile_8._CB312176604_.jpg"><img src="https://images-na.ssl-images-amazon.com/images/G/01/img15/pet-products/small-tiles/23695_pets_vertical_store_dogs_small_tile_8._CB312176604_.jpg" data-caption=""></a>\n</div></div></div>', 0, '8-tesetgallery11', '2017-03-11 15:13:17', 8, 'article', 5, '', '0', 0, '0', 0),
(66, 'tesetgallery12', '<p>text</p>', '<p>text</p>\n<div class="wrapper-wide">\n         <div class="wrapper-bg-light">\n            <div class="fotorama"\n     data-nav="thumbs"> <a href="http://r.ddmcdn.com/s_f/o_1/cx_633/cy_0/cw_1725/ch_1725/w_720/APL/uploads/2014/11/too-cute-doggone-it-video-playlist.jpg" data-caption="test"><img src="http://r.ddmcdn.com/s_f/o_1/cx_633/cy_0/cw_1725/ch_1725/w_720/APL/uploads/2014/11/too-cute-doggone-it-video-playlist.jpg" data-caption="test" ></a> <a href="https://images-na.ssl-images-amazon.com/images/G/01/img15/pet-products/small-tiles/23695_pets_vertical_store_dogs_small_tile_8._CB312176604_.jpg" data-caption=""><img src="https://images-na.ssl-images-amazon.com/images/G/01/img15/pet-products/small-tiles/23695_pets_vertical_store_dogs_small_tile_8._CB312176604_.jpg" data-caption="" ></a>\n</div></div></div>', 0, '8-tesetgallery12', '2017-03-11 15:15:33', 8, 'article', 21, '', '0', 0, '0', 0),
(67, 'Ð¿Ñ€Ð¾Ð²ÐµÑ€ÐºÐ° api Ð²Ð¸Ð´ÐµÐ¾ coub', '<p>Ð¢ÐµÐºÑÑ‚ Ð¿Ñ€Ð¾Ð¸Ð·Ð²Ð¾Ð»ÑŒÐ½Ñ‹Ð¹</p><p><br></p>', '<p>Ð¢ÐµÐºÑÑ‚ Ð¿Ñ€Ð¾Ð¸Ð·Ð²Ð¾Ð»ÑŒÐ½Ñ‹Ð¹</p><p><br></p><div><div style="left: 0px; width: 100%; height: 0px; position: relative; padding-bottom: 56.2493%;"><iframe src="//cdn.iframe.ly/api/iframe?url=http%3A%2F%2Fcoub.com%2Fview%2Fs6ig3&amp;key=a458d2a49c48e2ef7d0a9517714338c2" frameborder="0" allowfullscreen style="top: 0px; left: 0px; width: 100%; height: 100%; position: absolute;"></iframe></div></div>', 0, '23-proverka-api-video-coub', '2017-03-13 14:42:41', 23, 'article', 5, '', '0', 0, '0', 0),
(68, 'Ð¿Ñ€Ð¾Ð²ÐµÑ€ÐºÐ° api vimeo', '<p>text</p>', '<p>text</p><div><div style="left: 0px; width: 100%; height: 0px; position: relative; padding-bottom: 75.0019%;"><iframe src="//cdn.iframe.ly/api/iframe?url=https%3A%2F%2Fvimeo.com%2F201275739&amp;key=a458d2a49c48e2ef7d0a9517714338c2" frameborder="0" allowfullscreen style="top: 0px; left: 0px; width: 100%; height: 100%; position: absolute;"></iframe></div></div>', 0, '23-proverka-api-vimeo', '2017-03-13 14:46:22', 23, 'article', 6, '', '0', 0, '0', 0),
(69, 'dsfsdfsdf', '<p>sfdsfdsf</p>', '<p>sfdsfdsf</p>', 0, '9-dsfsdfsdf', '2017-03-13 14:51:15', 9, 'video', 9, '', '0', 0, '139665060_456239327', 0),
(70, 'ÐŸÑ€Ð¾Ð²ÐµÑ€ÐºÐ° Ð²ÑÐµÐ³Ð¾ Ð´Ð¾Ð±Ð°Ð²Ð»ÐµÐ½Ð½Ð¾Ð³Ð¾', '<p>Ñ‚ÐµÐºÑÑ‚</p>', '<p>Ñ‚ÐµÐºÑÑ‚</p><>Ð—Ð°Ð³Ð¾Ð»Ð¾Ð²Ð¾Ðº</><p>Ñ‚ÐµÐºÑÑ‚</p><div class="b-article__link">\n                <a href="https://tjournal.ru/redirect?url=http://web-merenkov.ru/add" target="_blank"><i class="icon-link"></i><span><u>http://web-merenkov.ru/add</u></span></a>\n            </div><div class="wrapper-image">\n        <div class="wrapper-label">\n            <div class="wrapper-wide">\n                                            <a href="/" class="fancybox">\n                            <img src="/" width="100%">\n                        </a>\n            </div>\n                            <span>Ð¿Ð¾Ð´Ð¿Ð¸ÑÑŒ</span>\n        </div>\n    </div><blockquote class="q-1"><p>Ñ†Ð¸Ñ‚Ð°Ñ‚Ð°</p>\n        <strong>Ð°Ð²Ñ‚Ð¾Ñ€ Ñ†Ð¸Ñ‚Ð°Ñ‚Ñ‹</strong>\n    </blockquote><div class="wrapper-tweet"><a href="https://twitter.com/OlegLurie/status/841212168360083456" data-iframely-url="//cdn.iframe.ly/api/iframe?url=https%3A%2F%2Ftwitter.com%2FOlegLurie%2Fstatus%2F841212168360083456&key=a458d2a49c48e2ef7d0a9517714338c2"></a><script async src="//cdn.iframe.ly/embed.js" charset="utf-8"></script><br><p style="text-align:center;"><span>Â«Ð¿Ð¾Ð´Ð¿Ð¸ÑÑŒ Ñ‚Ð²Ð¸Ñ‚Ð°Â»</span></p>\n          </div><blockquote class="instagram-media" data-instgrm-captioned data-instgrm-version="7" style=" background:#FFF; border:0; border-radius:3px; box-shadow:0 0 1px 0 rgba(0,0,0,0.5),0 1px 10px 0 rgba(0,0,0,0.15); margin: 1px; max-width:658px; padding:0; width:99.375%; width:-webkit-calc(100% - 2px); width:calc(100% - 2px);"><div style="padding:8px;"> <div style=" background:#F8F8F8; line-height:0; margin-top:40px; padding:62.5% 0; text-align:center; width:100%;"> <div style=" background:url(data:image/png;base64,iVBORw0KGgoAAAANSUhEUgAAACwAAAAsCAMAAAApWqozAAAABGdBTUEAALGPC/xhBQAAAAFzUkdCAK7OHOkAAAAMUExURczMzPf399fX1+bm5mzY9AMAAADiSURBVDjLvZXbEsMgCES5/P8/t9FuRVCRmU73JWlzosgSIIZURCjo/ad+EQJJB4Hv8BFt+IDpQoCx1wjOSBFhh2XssxEIYn3ulI/6MNReE07UIWJEv8UEOWDS88LY97kqyTliJKKtuYBbruAyVh5wOHiXmpi5we58Ek028czwyuQdLKPG1Bkb4NnM+VeAnfHqn1k4+GPT6uGQcvu2h2OVuIf/gWUFyy8OWEpdyZSa3aVCqpVoVvzZZ2VTnn2wU8qzVjDDetO90GSy9mVLqtgYSy231MxrY6I2gGqjrTY0L8fxCxfCBbhWrsYYAAAAAElFTkSuQmCC); display:block; height:44px; margin:0 auto -44px; position:relative; top:-22px; width:44px;"></div></div> <p style=" margin:8px 0 0 0; padding:0 4px;"> <a href="https://www.instagram.com/p/BRjSPKEh5i7/" style=" color:#000; font-family:Arial,sans-serif; font-size:14px; font-style:normal; font-weight:normal; line-height:17px; text-decoration:none; word-wrap:break-word;" target="_blank">Ð¢Ð¸Ð³Ñ€ÐµÐ½ÐºÑƒ ÑÐµÐ³Ð¾Ð´Ð½Ñ ÑƒÐ¶Ðµ Ñ†ÐµÐ»Ñ‹Ñ… 11 Ð¼ÐµÑÑÑ†ÐµÐ²!ðŸŽ‰ Ð­Ñ€Ð¸Ðº ÑƒÐ¶Ðµ Ð²Ð¾ Ð²ÑÑŽ Ð±ÐµÐ³Ð°ÐµÑ‚ Ð¸ Ñ‚ÐµÐ¿ÐµÑ€ÑŒ Ñ‚Ð¾Ñ‡Ð½Ð¾ Ð½Ð°Ñ‡Ð¸Ð½Ð°ÐµÑ‚ÑÑ Ð²ÐµÑÐµÐ»ÑŒÐµðŸ˜…Ð Ñ ÐµÐ³Ð¾ ÑƒÐ¿ÐµÑ€Ñ‚Ñ‹Ð¼ Ñ…Ð°Ñ€Ð°ÐºÑ‚ÐµÑ€Ð¾Ð¼ &#34; ÐžÐ¹ Ð¼Ð°Ð¼Ð° Ð½Ðµ Ð³Ð¾Ñ€ÑŽÐ¹&#34;ðŸŽ‰</a></p> <p style=" color:#c9c8cd; font-family:Arial,sans-serif; font-size:14px; line-height:17px; margin-bottom:0; margin-top:8px; overflow:hidden; padding:8px 0 7px; text-align:center; text-overflow:ellipsis; white-space:nowrap;">A post shared by Karolina Merkushina (@karolina_merkushina) on <time style=" font-family:Arial,sans-serif; font-size:14px; line-height:17px;" datetime="2017-03-12T20:22:43+00:00">Mar 12, 2017 at 1:22pm PDT</time></p></div></blockquote>\n<script async defer src="//platform.instagram.com/en_US/embeds.js"></script>', 1, '23-proverka-vsego-dobavlennogo', '2017-03-13 14:52:01', 23, 'article', 25, '', '0', 0, '0', 0),
(71, 'tesletsimages', '<p>test</p>', '<p>test</p><div class="wrapper-image">\n        <div class="wrapper-label">\n            <div class="wrapper-wide">\n                                            <a href="/img/downloads/images.jpeg" class="fancybox">\n                            <img src="/img/downloads/images.jpeg" width="100%">\n                        </a>\n            </div>\n                            <span></span>\n        </div>\n    </div><div class="wrapper-image">\n        <div class="wrapper-label">\n            <div class="wrapper-wide">\n                                            <a href="/" class="fancybox">\n                            <img src="/" width="100%">\n                        </a>\n            </div>\n                            <span></span>\n        </div>\n    </div>', 0, '8-tesletsimages', '2017-03-14 12:37:09', 8, 'article', 13, '', '0', 0, '0', 0),
(72, 'testimagurl', '<p>testset</p>', '<p>testset</p>" width="100%">\n                        </a>\n            </div>\n                            <span></span>\n        </div>\n    </div>', 0, '8-testimagurl', '2017-03-14 22:07:16', 8, 'article', 25, '', '0', 0, '0', 0),
(73, 'testimagurl1', '<p>testset</p>', '<p>testset</p>http:\\/\\/www.planwallpaper.com\\/static\\/images\\/desktop-year-of-the-tiger-images-wallpaper.jpg","bigUrl":"http:\\/\\/www.planwallpaper.com\\/static\\/images\\/desktop-year-of-the-tiger-images-wallpaper.jpg","additionalData":"http:\\/\\/www.planwallpaper.com\\/static\\/images\\/desktop-year-of-the-tiger-images-wallpaper.jpg" width="100%">\n                        </a>\n            </div>\n                            <span></span>\n        </div>\n    </div>', 1, '8-testimagurl1', '2017-03-14 22:08:09', 8, 'article', 11, '', '0', 0, '0', 0),
(74, 'testimagurl2', '<p>testset</p>', '<p>testset</p>http:\\/\\/www.planwallpaper.com\\/static\\/images\\/desktop-year-of-the-tiger-images-wallpaper.jpg","bigUrl":"http:\\/\\/www.planwallpaper.com\\/static\\/images\\/desktop-year-of-the-tiger-images-wallpaper.jpg","additionalData":"http:\\/\\/www.planwallpaper.com\\/static\\/images\\/desktop-year-of-the-tiger-images-wallpaper.jpg" width="100%">\n                        </a>\n            </div>\n                            <span></span>\n        </div>\n    </div>', 1, '8-testimagurl2', '2017-03-14 22:08:44', 8, 'article', 22, '', '0', 0, '0', 0),
(75, 'testimagurl2', '<p>testset</p>', '<p>testset</p>http:\\/\\/www.planwallpaper.com\\/static\\/images\\/desktop-year-of-the-tiger-images-wallpaper.jpg","bigUrl":"http:\\/\\/www.planwallpaper.com\\/static\\/images\\/desktop-year-of-the-tiger-images-wallpaper.jpg","additionalData":"http:\\/\\/www.planwallpaper.com\\/static\\/images\\/desktop-year-of-the-tiger-images-wallpaper.jpg" width="100%">\n                        </a>\n            </div>\n                            <span></span>\n        </div>\n    </div>', 1, '8-testimagurl2', '2017-03-14 22:09:34', 8, 'article', 0, '', '0', 0, '0', 0),
(76, 'testimagurl2', '<p>testset</p>', '<p>testset</p>http:\\/\\/www.planwallpaper.com\\/static\\/images\\/desktop-year-of-the-tiger-images-wallpaper.jpg","bigUrl":"http:\\/\\/www.planwallpaper.com\\/static\\/images\\/desktop-year-of-the-tiger-images-wallpaper.jpg","additionalData":"http:\\/\\/www.planwallpaper.com\\/static\\/images\\/desktop-year-of-the-tiger-images-wallpaper.jpg" width="100%">\n                        </a>\n            </div>\n                            <span></span>\n        </div>\n    </div>', 1, '8-testimagurl2', '2017-03-14 22:09:38', 8, 'article', 0, '', '0', 0, '0', 0),
(77, 'testimagurl2', '<p>testset</p>', '<p>testset</p>http:\\/\\/www.planwallpaper.com\\/static\\/images\\/desktop-year-of-the-tiger-images-wallpaper.jpg","bigUrl":"http:\\/\\/www.planwallpaper.com\\/static\\/images\\/desktop-year-of-the-tiger-images-wallpaper.jpg","additionalData":"http:\\/\\/www.planwallpaper.com\\/static\\/images\\/desktop-year-of-the-tiger-images-wallpaper.jpg" width="100%">\n                        </a>\n            </div>\n                            <span></span>\n        </div>\n    </div>', 1, '8-testimagurl2', '2017-03-14 22:11:40', 8, 'article', 0, '', '0', 0, '0', 0),
(78, 'testimagurl', '<p>asdasdasd</p>', '<p>asdasdasd</p>" width="100%">\n                        </a>\n            </div>\n                            <span></span>\n        </div>\n    </div>', 1, '8-testimagurl', '2017-03-16 08:46:22', 8, 'article', 0, '', '0', 0, '0', 0),
(79, 'testimgurl', '<p>asdsad</p>', '<p>asdsad</p>" width="100%">\n                        </a>\n            </div>\n                            <span></span>\n        </div>\n    </div>', 1, '8-testimgurl', '2017-03-19 10:36:56', 8, 'article', 10, '', '0', 0, '0', 0),
(80, 'testimgurlÑ„again', '<p>asdsad</p>', '<p>asdsad</p>" width="100%">\n                        </a>\n            </div>\n                            <span></span>\n        </div>\n    </div>', 1, '8-testimgurlfagain', '2017-03-19 10:44:11', 8, 'article', 12, '', '0', 0, '0', 0),
(81, 'testimgurlÑ„again', '<p>asdsad</p>', '<p>asdsad</p>" width="100%">\n                        </a>\n            </div>\n                            <span></span>\n        </div>\n    </div>', 1, '8-testimgurlfagain', '2017-03-19 10:45:11', 8, 'article', 0, '', '0', 0, '0', 0),
(82, 'testimgurlÑ„again', '<p>asdsad</p>', '<p>asdsad</p>http:\\/\\/farm4.staticflickr.com\\/3826\\/12897959993_a654e00dd2.jpg" width="100%">\n                        </a>\n            </div>\n                            <span></span>\n        </div>\n    </div>', 1, '8-testimgurlfagain', '2017-03-19 11:04:59', 8, 'article', 0, '', '0', 0, '0', 0),
(83, 'testimgurlÑ„againas', '<p>asdsad</p>', '<p>asdsad</p>n', 1, '8-testimgurlfagainas', '2017-03-19 11:06:40', 8, 'article', 11, '', '0', 0, '0', 0),
(84, 'testurlimgagain', '<p>test</p>', '<p>test</p><div class="wrapper-image">\n        <div class="wrapper-label">\n            <div class="wrapper-wide">\n                                            <a href="/http:\\/\\/qnimate.com\\/wp-content\\/uploads\\/2014\\/03\\/images2.jpg" class="fancybox">\n                            <img src="/http:\\/\\/qnimate.com\\/wp-content\\/uploads\\/2014\\/03\\/images2.jpg" width="100%">\n                        </a>\n            </div>\n                            <span></span>\n        </div>\n    </div>', 1, '8-testurlimgagain', '2017-03-19 11:09:31', 8, 'article', 12, '', '0', 0, '0', 0),
(85, 'asdasdimgurlagain', '<p>asdasd</p>', '<p>asdasd</p><div class="wrapper-image">\n        <div class="wrapper-label">\n            <div class="wrapper-wide">\n                                            <a href="/http://qnimate.com/wp-content/uploads/2014/03/images2.jpg" class="fancybox">\n                            <img src="/http://qnimate.com/wp-content/uploads/2014/03/images2.jpg" width="100%">\n                        </a>\n            </div>\n                            <span></span>\n        </div>\n    </div>', 1, '8-asdasdimgurlagain', '2017-03-19 11:12:07', 8, 'article', 13, '', '0', 0, '0', 0),
(86, 'testimgagainandagain', '<p>tests</p>', '<p>tests</p><div class="wrapper-image">\n        <div class="wrapper-label">\n            <div class="wrapper-wide">\n                                            <a href="http://qnimate.com/wp-content/uploads/2014/03/images2.jpg" class="fancybox">\n                            <img src="http://qnimate.com/wp-content/uploads/2014/03/images2.jpg" width="100%">\n                        </a>\n            </div>\n                            <span></span>\n        </div>\n    </div><div class="wrapper-image">\n        <div class="wrapper-label">\n            <div class="wrapper-wide">\n                                            <a href="img/downloads/stag-wallpaper-18.png" class="fancybox">\n                            <img src="img/downloads/stag-wallpaper-18.png" width="100%">\n                        </a>\n            </div>\n                            <span></span>\n        </div>\n    </div>', 1, '8-testimgagainandagain', '2017-03-19 11:13:30', 8, 'article', 13, '', '0', 0, '0', 0),
(87, 'testimgagiananagain', '<p>testst</p>', '<p>testst</p><div class="wrapper-image">\n        <div class="wrapper-label">\n            <div class="wrapper-wide">\n                                            <a href="/img/downloads/stag-wallpaper-18.png" class="fancybox">\n                            <img src="/img/downloads/stag-wallpaper-18.png" width="100%">\n                        </a>\n            </div>\n                            <span></span>\n        </div>\n    </div><div class="wrapper-image">\n        <div class="wrapper-label">\n            <div class="wrapper-wide">\n                                            <a href="http://farm4.staticflickr.com/3826/12897959993_a654e00dd2.jpg" class="fancybox">\n                            <img src="http://farm4.staticflickr.com/3826/12897959993_a654e00dd2.jpg" width="100%">\n                        </a>\n            </div>\n                            <span></span>\n        </div>\n    </div>', 1, '8-testimgagiananagain', '2017-03-19 11:14:48', 8, 'article', 15, '', '0', 0, '0', 0),
(88, 'testgalleryagain', '<p>tests</p>', '<p>tests</p>\n<div class="wrapper-wide">\n         <div class="wrapper-bg-light">\n            <div class="fotorama"\n     data-nav="thumbs"> <a href="http://farm4.staticflickr.com/3826/12897959993_a654e00dd2.jpg" data-caption="test"><img src="http://farm4.staticflickr.com/3826/12897959993_a654e00dd2.jpg" data-caption="test" ></a> <a href="/img/downloads/stag-wallpaper-18.png" data-caption=""><img src="/img/downloads/stag-wallpaper-18.png" data-caption="" ></a>\n</div></div></div>', -1, '8-testgalleryagain', '2017-03-19 11:16:39', 8, 'article', 17, '', '0', 0, '0', 0),
(89, 'testvk', '<p>test</p>', '<p>test</p>', -1, '8-testvk', '2017-03-20 13:36:51', 8, 'article', 10, '', '0', 0, '0', 0),
(90, 'testvk2', '<p>test</p>', '<p>test</p>', 0, '8-testvk2', '2017-03-20 13:40:17', 8, 'article', 9, '', '0', 0, '0', 0),
(91, 'testvk3', '<p>test</p>', '<p>test</p>', 1, '8-testvk3', '2017-03-20 13:40:37', 8, 'article', 39, '', '0', 0, '0', 0),
(92, 'testvk3', '<p>test</p>', '<p>test</p>', 1, '8-testvk3', '2017-03-20 13:40:57', 8, 'article', 0, '', '0', 0, '0', 0),
(93, 'testvk3', '<p>test</p>', '<p>test</p><div><div style="left: 0px; width: 100%; height: 0px; position: relative; padding-bottom: 56.9444%;"><iframe src="//cdn.iframe.ly/api/iframe?url=https%3A%2F%2Fvk.com%2Fvideo%3Fz%3Dvideo-72084641_456240735&amp;key=a458d2a49c48e2ef7d0a9517714338c2" frameborder="0" allowfullscreen style="top: 0px; left: 0px; width: 100%; height: 100%; position: absolute;"></iframe></div></div>', 1, '8-testvk3', '2017-03-20 13:41:19', 8, 'article', 0, '', '0', 0, '0', 0),
(94, 'header vkvideo', '<p>short text</p>', '<div class="b-article__link">\n                <a href="https://tjournal.ru/redirect?url=https://tjournal.ru/42347-izvestiya-vkontakte-nachala-viyavlyat-suicidalnii-kontent-na-fotografiyah-s-pomoshu-neiroseti" target="_blank"><i class="icon-link"></i><span><u>https://tjournal.ru/42347-izvestiya-vkontakte-nachala-viyavlyat-suicidalnii-kontent-na-fotografiyah-s-pomoshu-neiroseti</u></span></a>\n            </div><p>short text</p><div><div style="left: 0px; width: 100%; height: 0px; position: relative; padding-bottom: 56.9444%;"><iframe src="//cdn.iframe.ly/api/iframe?url=https%3A%2F%2Fvk.com%2Fvideo%3Fz%3Dvideo-41053835_171630217&amp;key=a458d2a49c48e2ef7d0a9517714338c2" frameborder="0" allowfullscreen scrolling="no" style="top: 0px; left: 0px; width: 100%; height: 100%; position: absolute;"></iframe></div></div>', 1, '24-header-vkvideo', '2017-03-24 12:09:35', 24, 'news', 41, '', '0', 0, '0', 0),
(104, 'Ð—Ð°Ð³Ð¾Ð»Ð¾Ð²Ð¾Ðº', '<p>Ñ‚ÐµÐºÑÐ¼Ñ‡ÑÑ–Ð²Ð°</p>', '<p>Ñ‚ÐµÐºÑÐ¼Ñ‡ÑÑ–Ð²Ð°</p>', 1, '7-zagolovok', '2017-04-23 11:35:45', 7, 'video', 28, '', '0', 0, '//vk.com/video_ext.php?oid=86011687&id=165066329', 0),
(98, 'testvideocover25as', '<p>asdasdasd</p>', '<p>asdasdasd</p><div><div style="left: 0px; width: 100%; height: 0px; position: relative; padding-bottom: 56.2493%;"><iframe src="//cdn.iframe.ly/api/iframe?url=https%3A%2F%2Fvimeo.com%2F159449591&amp;key=a458d2a49c48e2ef7d0a9517714338c2" frameborder="0" allowfullscreen scrolling="no" style="top: 0px; left: 0px; width: 100%; height: 100%; position: absolute;"></iframe></div></div>', 1, '7-testvideocover25as', '2017-03-26 11:56:59', 7, 'video', 29, '', '0', 0, 'https://player.vimeo.com/video/159449591?color=ffffff&title=0&byline=0&portrait=0', 0),
(102, 'Ð¡Ñ‚Ð°Ñ€Ð°Ñ Ñ‚Ñ€Ð°Ð³ÐµÐ´Ð¸Ñ Ð¿Ð¾Ð´ Ð¼Ð¸ÐºÑ€Ð¾ÑÐºÐ¾Ð¿Ð¾Ð¼ Ñ‚ÐµÑ…Ð½Ð¾Ð»Ð¾Ð³Ð¸Ð¹', '<p> ÐšÐ°Ðº Ñ Ð¿Ð¾Ð¼Ð¾Ñ‰ÑŒÑŽ Ð½Ð°ÑƒÑ‡Ð½Ñ‹Ñ… Ñ€Ð°Ð·Ñ€Ð°Ð±Ð¾Ñ‚Ð¾Ðº ÑƒÑ‡Ñ‘Ð½Ñ‹Ðµ Ð¸ Ð°Ð²Ñ‚Ð¾Ñ€Ñ‹ Ð¼Ð°ÑÑÐ¾Ð²Ñ‹Ñ… Ð¿Ñ€Ð¾Ð¸Ð·Ð²ÐµÐ´ÐµÐ½Ð¸Ð¹ Ð¿Ñ‹Ñ‚Ð°ÑŽÑ‚ÑÑ Ñ€Ð°ÑÐºÑ€Ñ‹Ñ‚ÑŒ Ð´ÐµÑ‚Ð°Ð»Ð¸ Ð³Ð¸Ð±ÐµÐ»Ð¸ Â«Ð¢Ð¸Ñ‚Ð°Ð½Ð¸ÐºÐ°Â». </p>', '<p> ÐšÐ°Ðº Ñ Ð¿Ð¾Ð¼Ð¾Ñ‰ÑŒÑŽ Ð½Ð°ÑƒÑ‡Ð½Ñ‹Ñ… Ñ€Ð°Ð·Ñ€Ð°Ð±Ð¾Ñ‚Ð¾Ðº ÑƒÑ‡Ñ‘Ð½Ñ‹Ðµ Ð¸ Ð°Ð²Ñ‚Ð¾Ñ€Ñ‹ Ð¼Ð°ÑÑÐ¾Ð²Ñ‹Ñ… Ð¿Ñ€Ð¾Ð¸Ð·Ð²ÐµÐ´ÐµÐ½Ð¸Ð¹ Ð¿Ñ‹Ñ‚Ð°ÑŽÑ‚ÑÑ Ñ€Ð°ÑÐºÑ€Ñ‹Ñ‚ÑŒ Ð´ÐµÑ‚Ð°Ð»Ð¸ Ð³Ð¸Ð±ÐµÐ»Ð¸ Â«Ð¢Ð¸Ñ‚Ð°Ð½Ð¸ÐºÐ°Â». </p><div class="wrapper-image">\n        <div class="wrapper-label">\n            <div class="wrapper-wide">\n                                            <a href="https://gif.cmtt.space/3/club/5e/d6/d2/df72cfc0563c2c.jpg" class="fancybox">\n                            <img src="https://gif.cmtt.space/3/club/5e/d6/d2/df72cfc0563c2c.jpg" width="100%">\n                        </a>\n            </div>\n                            <span>Ð‘Ð°Ñ‚Ð¸ÑÐºÐ°Ñ„ Ð¸Ð·ÑƒÑ‡Ð°ÐµÑ‚ Ð½Ð¾ÑÐ¾Ð²ÑƒÑŽ Ñ‡Ð°ÑÑ‚ÑŒ Â«Ð¢Ð¸Ñ‚Ð°Ð½Ð¸ÐºÐ°Â». Ð¤Ð¾Ñ‚Ð¾ National Geographic</span>\n        </div>\n    </div><p> Ð˜ÑÑ‚Ð¾Ñ€Ð¸Ñ Â«Ð¢Ð¸Ñ‚Ð°Ð½Ð¸ÐºÐ°Â» Ð´ÐµÑÑÑ‚ÐºÐ¸ Ð»ÐµÑ‚ Ð½Ðµ Ð¿Ð¾ÐºÐ¸Ð´Ð°ÐµÑ‚ ÑÐ¾Ð·Ð½Ð°Ð½Ð¸Ðµ Ð»ÑŽÐ´ÐµÐ¹. Ð“Ñ€Ð°Ð½Ð´Ð¸Ð¾Ð·Ð½Ð°Ñ Ñ‚Ñ€Ð°Ð³ÐµÐ´Ð¸Ñ, ÐºÐ¾Ñ‚Ð¾Ñ€Ð¾Ð¹ 15 Ð°Ð¿Ñ€ÐµÐ»Ñ 2017 Ð³Ð¾Ð´Ð° Ð¸ÑÐ¿Ð¾Ð»Ð½Ð¸Ð»Ð¾ÑÑŒ 105 Ð»ÐµÑ‚, Ð¾ÑÑ‚Ð°Ð²Ð¸Ð»Ð° Ð¿Ð¾ÑÐ»Ðµ ÑÐµÐ±Ñ Ð¼Ð½Ð¾Ð¶ÐµÑÑ‚Ð²Ð¾ Ð²Ð¾Ð¿Ñ€Ð¾ÑÐ¾Ð², Ð½Ð° ÐºÐ¾Ñ‚Ð¾Ñ€Ñ‹Ðµ Ð»Ð¸ÑˆÑŒ Ð½Ðµ Ñ‚Ð°Ðº Ð´Ð°Ð²Ð½Ð¾ Ð½Ð°Ñ‡Ð°Ð»Ð¸ Ð½Ð°Ñ…Ð¾Ð´Ð¸Ñ‚ÑŒ Ð¾Ñ‚Ð²ÐµÑ‚Ñ‹. Ð¡Ð¿ÐµÑ†Ð¸Ð°Ð»Ð¸ÑÑ‚Ñ‹ Ð¾Ñ‚Ð¿Ñ€Ð°Ð²Ð»ÑÑŽÑ‚ Ð±Ð°Ñ‚Ð¸ÑÐºÐ°Ñ„Ñ‹ Ð½Ð° Ð¿Ð¾Ð¸ÑÐºÐ¸ Ñ€ÑƒÐ¸Ð½ Ð»Ð°Ð¹Ð½ÐµÑ€Ð° Ð¸ Ð´ÐµÑ‚Ð°Ð»ÑŒÐ½Ð¾ Ð²Ð¾ÑÑÐ¾Ð·Ð´Ð°ÑŽÑ‚ Ð¿Ð¾ÑÐ»ÐµÐ´ÑÑ‚Ð²Ð¸Ñ ÐºÑ€ÑƒÑˆÐµÐ½Ð¸Ñ, Ð° Ð¼Ð°ÑÑÐ¾Ð²Ð°Ñ ÐºÑƒÐ»ÑŒÑ‚ÑƒÑ€Ð° ÑƒÐ´Ð°Ñ‡Ð½Ð¾ Ñ‚Ñ€Ð°Ð½ÑÐ»Ð¸Ñ€ÑƒÐµÑ‚ ÑÑ‚Ñƒ Ð¸Ð½Ñ„Ð¾Ñ€Ð¼Ð°Ñ†Ð¸ÑŽ Ð² Ð¾Ð´Ð½Ð¾Ð²Ñ€ÐµÐ¼ÐµÐ½Ð½Ð¾ Ñ‚Ñ€Ð°Ð³Ð¸Ñ‡Ð½Ð¾Ð¼ Ð¸ ÑƒÐ²Ð»ÐµÐºÐ°Ñ‚ÐµÐ»ÑŒÐ½Ð¾Ð¼ Ñ„Ð¾Ñ€Ð¼Ð°Ñ‚Ðµ. </p>', -1, '5-staraya-tragediya-pod-mikroskopom-tehnologii', '2017-04-16 14:44:31', 5, 'article', 36, '', '/', 0, '0', 0),
(103, 'ÐÐ½Ñ‚Ð°Ð³Ð¾Ð½Ð¸ÑÑ‚ ÐŸÐ¾Ð·Ð½ÐµÑ€ Ð¸ ÑÐµÐ¼ÐµÐ¹Ð½Ð°Ñ Ð´Ñ€Ð°Ð¼Ð°: Ð¿Ð°Ñ€Ð¾Ð´Ð¸Ð¹Ð½Ñ‹Ð¹ Ñ‚Ñ€ÐµÐ¹Ð»ÐµÑ€ Ðº Ð¿ÑÑ‚Ð¸Ð»ÐµÑ‚Ð¸ÑŽ Â«Ð’ÐµÑ‡ÐµÑ€Ð½ÐµÐ³Ð¾ Ð£Ñ€Ð³Ð°Ð½Ñ‚Ð°Â»', '<p>Â«Ð”Ð°Ð¶Ðµ ÐµÑÐ»Ð¸ Ñ‚ÐµÐ±Ðµ Ð¾Ñ‚Ñ€ÑƒÐ±Ð¸Ð»Ð¸ Ñ€ÑƒÐºÑƒ, Ð¿Ñ€Ð¾Ð³Ñ€Ð°Ð¼Ð¼Ð° Ð´Ð¾Ð»Ð¶Ð½Ð° ÑÐ¾ÑÑ‚Ð¾ÑÑ‚ÑŒÑÑÂ».</p><p>Ð¢Ð²Ð¸Ñ‚Ð½ÑƒÑ‚ÑŒÐŸÐ¾Ð´ÐµÐ»Ð¸Ñ‚ÑŒÑÑÐŸÐ¾Ð´ÐµÐ»Ð¸Ñ‚ÑŒÑÑ</p><p>Ð¨Ð¾Ñƒ Â«Ð’ÐµÑ‡ÐµÑ€Ð½Ð¸Ð¹ Ð£Ñ€Ð³Ð°Ð½Ñ‚Â» Ð¾Ð¿ÑƒÐ±Ð»Ð¸ÐºÐ¾Ð²Ð°Ð»Ð¾ Ð¿Ð°Ñ', '<p>Â«Ð”Ð°Ð¶Ðµ ÐµÑÐ»Ð¸ Ñ‚ÐµÐ±Ðµ Ð¾Ñ‚Ñ€ÑƒÐ±Ð¸Ð»Ð¸ Ñ€ÑƒÐºÑƒ, Ð¿Ñ€Ð¾Ð³Ñ€Ð°Ð¼Ð¼Ð° Ð´Ð¾Ð»Ð¶Ð½Ð° ÑÐ¾ÑÑ‚Ð¾ÑÑ‚ÑŒÑÑÂ».</p><p>Ð¢Ð²Ð¸Ñ‚Ð½ÑƒÑ‚ÑŒÐŸÐ¾Ð´ÐµÐ»Ð¸Ñ‚ÑŒÑÑÐŸÐ¾Ð´ÐµÐ»Ð¸Ñ‚ÑŒÑÑ</p><p>Ð¨Ð¾Ñƒ Â«Ð’ÐµÑ‡ÐµÑ€Ð½Ð¸Ð¹ Ð£Ñ€Ð³Ð°Ð½Ñ‚Â» Ð¾Ð¿ÑƒÐ±Ð»Ð¸ÐºÐ¾Ð²Ð°Ð»Ð¾ Ð¿Ð°Ñ€Ð¾Ð´Ð¸Ð¹Ð½Ñ‹Ð¹ Ñ‚Ñ€ÐµÐ¹Ð»ÐµÑ€ Ñ„Ð¸Ð»ÑŒÐ¼Ð° Â«Ð¡Ð¼ÐµÑ… ÑÐºÐ²Ð¾Ð·ÑŒ Ð³Ñ€ÐµÑ…Â», Ð¿Ñ€Ð¸ÑƒÑ€Ð¾Ñ‡ÐµÐ½Ð½Ð¾Ð³Ð¾ Ðº Ð¿ÑÑ‚Ð¸Ð»ÐµÑ‚Ð¸ÑŽ Ð¿Ñ€Ð¾Ð³Ñ€Ð°Ð¼Ð¼Ñ‹.</p><p>Â«Ðš Ð¿Ð°Ð¼ÑÑ‚Ð½Ð¾Ð¹ Ð´Ð°Ñ‚Ðµ ÐŸÐµÑ€Ð²Ñ‹Ð¹ ÐºÐ°Ð½Ð°Ð», ÐºÐ°Ðº Ñ€Ð°ÑÑÐºÐ°Ð·Ð°Ð» Ð˜Ð²Ð°Ð½ Ð£Ñ€Ð³Ð°Ð½Ñ‚, ÑÐ½ÑÐ» Ð¼Ð½Ð¾Ð³Ð¾ÑÐµÑ€Ð¸Ð¹Ð½Ñ‹Ð¹ Ñ„Ð¸Ð»ÑŒÐ¼ Ð¾ Ñ‚Ð¾Ð¼, ÐºÐ°Ðº Ð´ÐµÐ»Ð°ÐµÑ‚ÑÑ ÑˆÐ¾Ñƒ Ð¸ Ñ‡Ñ‚Ð¾ Ð¾ÑÑ‚Ð°Ñ‘Ñ‚ÑÑ Ð·Ð° ÐºÑƒÐ»Ð¸ÑÐ°Ð¼Ð¸Â», â€” Ð³Ð¾Ð²Ð¾Ñ€Ð¸Ñ‚ÑÑ Ð² ÐºÐ¾Ð¼Ð¼ÐµÐ½Ñ‚Ð°Ñ€Ð¸Ð¸ Ðº Ð²Ð¸Ð´ÐµÐ¾.</p><p>Ð Ð¾Ð»ÑŒ Ð˜Ð²Ð°Ð½Ð° Ð£Ñ€Ð³Ð°Ð½Ñ‚Ð° Ð¸ÑÐ¿Ð¾Ð»Ð½Ð¸Ð» Ð”Ð¼Ð¸Ñ‚Ñ€Ð¸Ð¹ Ð”ÑŽÐ¶ÐµÐ², Ð° ÐµÐ³Ð¾ ÑÐ¾Ð²ÐµÐ´ÑƒÑ‰ÐµÐ³Ð¾ Ð”Ð¼Ð¸Ñ‚Ñ€Ð¸Ñ Ð¥Ñ€ÑƒÑÑ‚Ð°Ð»Ñ‘Ð²Ð° ÑÑ‹Ð³Ñ€Ð°Ð» ÐÐ½Ð´Ñ€ÐµÐ¹ Ð¡Ð¼Ð¾Ð»ÑÐºÐ¾Ð².</p><div class="wrapper-wide">\n                    \n            <div class="wrapper-video">\n                <iframe src="http://www.youtube.com/embed/dSoxFiUW9i8" width="800" height="450" frameborder="0" allowfullscreen=""></iframe>\n            </div>\n\n            </div>', -1, '5-antagonist-pozner-i-semeinaya-drama-parodiinii-treiler-k-pyatiletiu-vechernego-urganta', '2017-04-16 14:45:36', 5, 'video', 66, '', '0', 0, '<div class="wrapper-wide">\n                    \n            <div class="wrapper-video">\n                <iframe src="http://www.youtube.com/embed/dSoxFiUW9i8" width="800" height="450" frameborder="0" allowfullscreen=""></iframe>\n            </div>\n\n      ', 0),
(100, 'Ð§ÐµÐ¼ Ð·Ð°Ð½ÑÑ‚ÑŒÑÑ: Ð¡Ñ…Ð¾Ð´Ð¸Ñ‚ÑŒ Ð² ÐºÐ¸Ð½Ð¾ Ð½Ð° Â«Ð’Ñ€ÐµÐ¼Ñ Ð¿ÐµÑ€Ð²Ñ‹Ñ…Â»', '<p> ÐŸÐ¾Ð²Ð¾Ð´ ÑƒÐ·Ð½Ð°Ñ‚ÑŒ, Ð¿Ð¾Ð»ÑƒÑ‡Ð¸Ð»Ð¾ÑÑŒ Ð»Ð¸ Ñƒ Ñ€Ð¾ÑÑÐ¸Ð¹ÑÐºÐ¾Ð³Ð¾ Ñ€ÐµÐ¶Ð¸ÑÑÑ‘Ñ€Ð° ÑÐ½ÑÑ‚ÑŒ ÑÐ²Ð¾ÑŽ Â«Ð“Ñ€Ð°Ð²Ð¸Ñ‚Ð°Ñ†Ð¸ÑŽÂ». </p>', '<p> ÐŸÐ¾Ð²Ð¾Ð´ ÑƒÐ·Ð½Ð°Ñ‚ÑŒ, Ð¿Ð¾Ð»ÑƒÑ‡Ð¸Ð»Ð¾ÑÑŒ Ð»Ð¸ Ñƒ Ñ€Ð¾ÑÑÐ¸Ð¹ÑÐºÐ¾Ð³Ð¾ Ñ€ÐµÐ¶Ð¸ÑÑÑ‘Ñ€Ð° ÑÐ½ÑÑ‚ÑŒ ÑÐ²Ð¾ÑŽ Â«Ð“Ñ€Ð°Ð²Ð¸Ñ‚Ð°Ñ†Ð¸ÑŽÂ». </p><div class="wrapper-image">\n        <div class="wrapper-label">\n            <div class="wrapper-wide">\n                                            <a href="/img/downloads/0bb0d00d913ed0.jpg" class="fancybox">\n                            <img src="/img/downloads/0bb0d00d913ed0.jpg" width="100%">\n                        </a>\n            </div>\n                            <span>ÐšÐ°Ñ€Ñ‚Ð¸Ð½ÐºÐ° Ð·Ð°Ð³Ñ€ÑƒÐ¶ÐµÐ½Ð° Ñ ÐºÐ¾Ð¼Ð¿Ð°</span>\n        </div>\n    </div><p> 6 Ð°Ð¿Ñ€ÐµÐ»Ñ Ð² Ñ€Ð¾ÑÑÐ¸Ð¹ÑÐºÐ¸Ð¹ Ð¿Ñ€Ð¾ÐºÐ°Ñ‚ Ð²Ñ‹ÑˆÐµÐ» Ñ„Ð¸Ð»ÑŒÐ¼ Â«Ð’Ñ€ÐµÐ¼Ñ Ð¿ÐµÑ€Ð²Ñ‹Ñ…Â» â€” Ñ€ÐµÐ°Ð»ÑŒÐ½Ð°Ñ Ð¸ÑÑ‚Ð¾Ñ€Ð¸Ñ Ð¾ Ð´Ð²ÑƒÑ… ÐºÐ¾ÑÐ¼Ð¾Ð½Ð°Ð²Ñ‚Ð°Ñ… ÐÐ»ÐµÐºÑÐµÐµ Ð›ÐµÐ¾Ð½Ð¾Ð²Ðµ Ð¸ ÐŸÐ°Ð²Ð»Ðµ Ð‘ÐµÐ»ÑÐµÐ²Ðµ, ÐºÐ¾Ñ‚Ð¾Ñ€Ñ‹Ðµ Ð¿ÐµÑ€Ð²Ñ‹Ð¼Ð¸ Ð²Ñ‹ÑˆÐ»Ð¸ Ð² Ð¾Ñ‚ÐºÑ€Ñ‹Ñ‚Ñ‹Ð¹ ÐºÐ¾ÑÐ¼Ð¾Ñ. ÐŸÑ€ÐµÐ¼ÑŒÐµÑ€Ð° ÐºÐ°Ñ€Ñ‚Ð¸Ð½Ñ‹ Ð±Ñ‹Ð»Ð° ÑÐ¾Ð¿Ñ€ÑÐ¶ÐµÐ½Ð° ÑÑ€Ð°Ð·Ñƒ Ñ Ð´Ð²ÑƒÐ¼Ñ ÑÐºÐ°Ð½Ð´Ð°Ð»Ð°Ð¼Ð¸. Ð’Ð¾-Ð¿ÐµÑ€Ð²Ñ‹Ñ…, Ð´Ñ€Ð°Ð¼Ñƒ ÑÑ…Ð¾Ð¶ÐµÐ¹ Ñ‚ÐµÐ¼Ð°Ñ‚Ð¸ÐºÐ¸ Â«Ð¡Ð°Ð»ÑŽÑ‚ 7Â» <a href="https://tjournal.ru/redirect?url=http%3A%2F%2Fthr.ru%2Fcinema%2Fnews%2Fvrema-pervyh-otodvinul-reliz-saluta-7-na-osen%2F" target="_blank" rel="noreferrer">Ð¿ÐµÑ€ÐµÐ½ÐµÑÐ»Ð¸</a> Ð½Ð° Ð¾ÑÐµÐ½ÑŒ, Ñ‡Ñ‚Ð¾Ð±Ñ‹ Ð½Ðµ ÑÑ‚Ð°Ð»ÐºÐ¸Ð²Ð°Ñ‚ÑŒ Ð¸Ñ… Ð½Ð°ÐºÐ°Ð½ÑƒÐ½Ðµ Ð”Ð½Ñ ÐºÐ¾ÑÐ¼Ð¾Ð½Ð°Ð²Ñ‚Ð¸ÐºÐ¸. Ð’Ð¾-Ð²Ñ‚Ð¾Ñ€Ñ‹Ñ…, Ð¸Ð·-Ð·Ð° Ð²Ñ‹Ñ…Ð¾Ð´Ð° Â«Ð’Ñ€ÐµÐ¼ÐµÐ½Ð¸ Ð¿ÐµÑ€Ð²Ñ‹Ñ…Â» ÐœÐ¸Ð½Ð¸ÑÑ‚ÐµÑ€ÑÑ‚Ð²Ð¾ ÐºÑƒÐ»ÑŒÑ‚ÑƒÑ€Ñ‹ <a href="https://tjournal.ru/42603-rns-minkult-otkazalsya-ot-perenosa-premeri-forsazha-8-radi-filma-vremya-pervih" target="_blank" rel="noreferrer">Ð¿Ð»Ð°Ð½Ð¸Ñ€Ð¾Ð²Ð°Ð»Ð¾</a> Ð¿ÐµÑ€ÐµÐ´Ð²Ð¸Ð½ÑƒÑ‚ÑŒ Â«Ð¤Ð¾Ñ€ÑÐ°Ð¶ 8Â», Ð¾Ð´Ð½Ð°ÐºÐ¾ ÐºÐ¸Ð½Ð¾ÑÐµÑ‚Ð¸ Ð¾Ñ‚ÑÑ‚Ð¾ÑÐ»Ð¸ Ð³Ð¾Ð»Ð»Ð¸Ð²ÑƒÐ´ÑÐºÐ¸Ð¹ Ñ„Ð¸Ð»ÑŒÐ¼, ÐºÐ¾Ñ‚Ð¾Ñ€Ñ‹Ð¹ Ð¾Ð¶Ð¸Ð´Ð°ÐµÐ¼Ð¾ Ð¿Ñ€Ð¸Ð½ÐµÑÑ‘Ñ‚ Ð¾Ð´Ð½Ñƒ Ð¸Ð· ÑÐ°Ð¼Ñ‹Ñ… Ð±Ð¾Ð»ÑŒÑˆÐ¸Ñ… ÐºÐ°ÑÑ Ð·Ð° Ð³Ð¾Ð´. </p><div class="wrapper-image">\n        <div class="wrapper-label">\n            <div class="wrapper-wide">\n                                            <a href="https://gif.cmtt.space/3/club/23/99/52/0f13a96f4fdf6f.jpg" class="fancybox">\n                            <img src="https://gif.cmtt.space/3/club/23/99/52/0f13a96f4fdf6f.jpg" width="100%">\n                        </a>\n            </div>\n                            <span>ÐºÐ°Ñ€Ñ‚Ð¸Ð½ÐºÐ° Ð·Ð°Ð³Ñ€ÑƒÐ¶ÐµÐ½Ð° Ñ Ð¸ÑÑ‚Ð¾Ñ‡Ð½Ð¸ÐºÐ¾Ð²</span>\n        </div>\n    </div><div class="b-article__link">\n                <a href="https://tjournal.ru/redirect?url=https://tjournal.ru/42907-v-kanzase-direktor-shkoli-ushla-v-otstavku-posle-rassledovaniya-v-uchenicheskoi-gazete" target="_blank"><i class="icon-link"></i><span><u>https://tjournal.ru/42907-v-kanzase-direktor-shkoli-ushla-v-otstavku-posle-rassledovaniya-v-uchenicheskoi-gazete</u></span></a>\n            </div>\n<div class="wrapper-wide">\n         <div class="wrapper-bg-light">\n            <div class="fotorama"\n     data-nav="thumbs"> <a href="/img/downloads/1.jpg" data-caption="Ð³Ð°Ð»ÐµÑ€ÐµÑ1"><img src="/img/downloads/1.jpg" data-caption="Ð³Ð°Ð»ÐµÑ€ÐµÑ1" ></a> <a href="/img/downloads/2.jpg" data-caption="Ð³Ð°Ð»ÐµÑ€ÐµÑ2"><img src="/img/downloads/2.jpg" data-caption="Ð³Ð°Ð»ÐµÑ€ÐµÑ2" ></a>\n</div></div></div><div class="wrapper-wide">\n                    \n            <div class="wrapper-video">\n                <iframe src="http://www.youtube.com/embed/Zxj_33buFS4" width="800" height="450" frameborder="0" allowfullscreen=""></iframe>\n            </div>\n\n            </div><div><div style="left: 0px; width: 100%; height: 0px; position: relative; padding-bottom: 56.2493%;"><iframe src="//cdn.iframe.ly/api/iframe?url=https%3A%2F%2Fvimeo.com%2F211513023&amp;key=a458d2a49c48e2ef7d0a9517714338c2" frameborder="0" allowfullscreen scrolling="no" style="top: 0px; left: 0px; width: 100%; height: 100%; position: absolute;"></iframe></div></div><div><div style="left: 0px; width: 100%; height: 0px; position: relative; padding-bottom: 53.3646%;"><iframe src="//cdn.iframe.ly/api/iframe?url=http%3A%2F%2Fcoub.com%2Fview%2Fobv1b&amp;key=a458d2a49c48e2ef7d0a9517714338c2" frameborder="0" allowfullscreen scrolling="no" style="top: 0px; left: 0px; width: 100%; height: 100%; position: absolute;"></iframe></div></div><div><div style="left: 0px; width: 100%; height: 0px; position: relative; padding-bottom: 100%;"><iframe src="//cdn.iframe.ly/api/iframe?url=https%3A%2F%2Fvine.co%2Fv%2FbI6FtmKeaAL&amp;key=a458d2a49c48e2ef7d0a9517714338c2" frameborder="0" allowfullscreen style="top: 0px; left: 0px; width: 100%; height: 100%; position: absolute;"></iframe></div></div><blockquote class="q-1"><p> Ð¯ Ð´ÐµÐ¹ÑÑ‚Ð²Ð¸Ñ‚ÐµÐ»ÑŒÐ½Ð¾ Ñ‡ÑƒÐ²ÑÑ‚Ð²ÑƒÑŽ, Ñ‡Ñ‚Ð¾ Ð¾Ñ‚Ð²ÐµÑ‚ÑÑ‚Ð²ÐµÐ½ÐµÐ½ Ð·Ð° ÑÑ‚Ð¾. ÐšÐ°Ðº ÑˆÐºÐ¾Ð»ÑŒÐ½Ñ‹Ð¹ Ð¸Ð½ÑÐ¿ÐµÐºÑ‚Ð¾Ñ€, Ñ Ñ‡ÑƒÐ²ÑÑ‚Ð²ÑƒÑŽ, Ñ‡Ñ‚Ð¾ Ð¿Ð¾Ð´Ð²Ñ‘Ð» ÑƒÑ‡Ð¸Ñ‚ÐµÐ»ÐµÐ¹ Ð¸ ÑƒÑ‡ÐµÐ½Ð¸ÐºÐ¾Ð². Ð¯ Ð¿ÑƒÐ±Ð»Ð¸Ñ‡Ð½Ð¾ Ð¿Ñ€Ð¸Ð·Ð½Ð°ÑŽ ÑÑ‚Ð¾. </p>\n        <strong>Ð”ÐµÑÑ‚Ñ€Ð¸ Ð‘Ñ€Ð°ÑƒÐ½, ÑˆÐºÐ¾Ð»ÑŒÐ½Ñ‹Ð¹ Ð¸Ð½ÑÐ¿ÐµÐºÑ‚Ð¾Ñ€ Ð¾ÐºÑ€ÑƒÐ³Ð° ÐŸÐ¸Ñ‚Ñ‚ÑÐ±ÑƒÑ€Ð³</strong>\n    </blockquote><div class="wrapper-tweet"><a href="https://twitter.com/RT_russian/status/849987585237798913" data-iframely-url="//cdn.iframe.ly/api/iframe?url=https%3A%2F%2Ftwitter.com%2FRT_russian%2Fstatus%2F849987585237798913&key=a458d2a49c48e2ef7d0a9517714338c2"></a><script async src="//cdn.iframe.ly/embed.js" charset="utf-8"></script><br><p style="text-align:center;"><span>Â«ÐŸÐ¾Ð´Ð¿Ð¸ÑÑŒ Ñ‚Ð²Ð¸Ñ‚Ð°Â»</span></p>\n          </div><blockquote class="instagram-media" data-instgrm-captioned data-instgrm-version="7" style=" background:#FFF; border:0; border-radius:3px; box-shadow:0 0 1px 0 rgba(0,0,0,0.5),0 1px 10px 0 rgba(0,0,0,0.15); margin: 1px; max-width:658px; padding:0; width:99.375%; width:-webkit-calc(100% - 2px); width:calc(100% - 2px);"><div style="padding:8px;"> <div style=" background:#F8F8F8; line-height:0; margin-top:40px; padding:50% 0; text-align:center; width:100%;"> <div style=" background:url(data:image/png;base64,iVBORw0KGgoAAAANSUhEUgAAACwAAAAsCAMAAAApWqozAAAABGdBTUEAALGPC/xhBQAAAAFzUkdCAK7OHOkAAAAMUExURczMzPf399fX1+bm5mzY9AMAAADiSURBVDjLvZXbEsMgCES5/P8/t9FuRVCRmU73JWlzosgSIIZURCjo/ad+EQJJB4Hv8BFt+IDpQoCx1wjOSBFhh2XssxEIYn3ulI/6MNReE07UIWJEv8UEOWDS88LY97kqyTliJKKtuYBbruAyVh5wOHiXmpi5we58Ek028czwyuQdLKPG1Bkb4NnM+VeAnfHqn1k4+GPT6uGQcvu2h2OVuIf/gWUFyy8OWEpdyZSa3aVCqpVoVvzZZ2VTnn2wU8qzVjDDetO90GSy9mVLqtgYSy231MxrY6I2gGqjrTY0L8fxCxfCBbhWrsYYAAAAAElFTkSuQmCC); display:block; height:44px; margin:0 auto -44px; position:relative; top:-22px; width:44px;"></div></div> <p style=" margin:8px 0 0 0; padding:0 4px;"> <a href="https://www.instagram.com/p/BSPQCmGgmZB/" style=" color:#000; font-family:Arial,sans-serif; font-size:14px; font-style:normal; font-weight:normal; line-height:17px; text-decoration:none; word-wrap:break-word;" target="_blank">Super Mario Bar. Scroll â¬…ï¸. #DCpopupbar #PopUpBar #SuperMarioBar #SuperMario #dcnightlife #dc</a></p> <p style=" color:#c9c8cd; font-family:Arial,sans-serif; font-size:14px; line-height:17px; margin-bottom:0; margin-top:8px; overflow:hidden; padding:8px 0 7px; text-align:center; text-overflow:ellipsis; white-space:nowrap;">A post shared by berniemac1014 (@berniemac1014) on <time style=" font-family:Arial,sans-serif; font-size:14px; line-height:17px;" datetime="2017-03-29T22:10:07+00:00">Mar 29, 2017 at 3:10pm PDT</time></p></div></blockquote>\n<script async defer src="//platform.instagram.com/en_US/embeds.js"></script>', 0, '5-chem-zanyatsya-shodit-v-kino-na-vremya-pervih', '2017-04-06 17:20:17', 5, 'article', 20, '', '0', 0, '0', 0);
INSERT INTO `news` (`news_id`, `news_title`, `news_limited`, `news_text`, `news_like`, `news_url`, `news_date`, `user_id`, `news_type`, `news_watched`, `news_img`, `img_cover_url`, `total_comments`, `news_video_cover`, `activated`) VALUES
(101, 'Ð“Ð»Ð°Ð²Ñ€ÐµÐ´ Â«Ð­Ñ…Ð° ÐœÐ¾ÑÐºÐ²Ñ‹Â» ÑÑ€Ð°Ð²Ð½Ð¸Ð» ÑƒÐ³Ñ€Ð¾Ð·Ñ‹ Ð¸Ð· Ð§ÐµÑ‡Ð½Ð¸ Ñ ÑƒÐ³Ñ€Ð¾Ð·Ð°Ð¼Ð¸ Ð¸Ð· Ð˜Ð“', '<p>Ð“Ð»Ð°Ð²Ð½Ñ‹Ð¹ Ñ€ÐµÐ´Ð°ÐºÑ‚Ð¾Ñ€ Ñ€Ð°Ð´Ð¸Ð¾ÑÑ‚Ð°Ð½Ñ†Ð¸Ð¸ Â«Ð­Ñ…Ð¾ ÐœÐ¾ÑÐºÐ²Ñ‹Â» ÐÐ»ÐµÐºÑÐµÐ¹ Ð’ÐµÐ½ÐµÐ´Ð¸ÐºÑ‚Ð¾Ð² Ð²Ñ‹Ð¿ÑƒÑÑ‚Ð¸Ð» <a href="https://tjournal.ru/redirect?url=http%3A%2F%2Fecho.msk.ru%2Fblog%2Faav%2F1962928-echo%2F" target="_blank" rel', '<div class="b-article__link">\n                <a href="https://tjournal.ru/redirect?url=https://tjournal.ru/43289-glavred-eha-moskvi-sravnil-ugrozi-iz-chechni-s-ugrozami-iz-ig" target="_blank"><i class="icon-link"></i><span><u>https://tjournal.ru/43289-glavred-eha-moskvi-sravnil-ugrozi-iz-chechni-s-ugrozami-iz-ig</u></span></a>\n            </div><p>Ð“Ð»Ð°Ð²Ð½Ñ‹Ð¹ Ñ€ÐµÐ´Ð°ÐºÑ‚Ð¾Ñ€ Ñ€Ð°Ð´Ð¸Ð¾ÑÑ‚Ð°Ð½Ñ†Ð¸Ð¸ Â«Ð­Ñ…Ð¾ ÐœÐ¾ÑÐºÐ²Ñ‹Â» ÐÐ»ÐµÐºÑÐµÐ¹ Ð’ÐµÐ½ÐµÐ´Ð¸ÐºÑ‚Ð¾Ð² Ð²Ñ‹Ð¿ÑƒÑÑ‚Ð¸Ð» <a href="https://tjournal.ru/redirect?url=http%3A%2F%2Fecho.msk.ru%2Fblog%2Faav%2F1962928-echo%2F" target="_blank" rel="noreferrer">Ð¾Ð±Ñ€Ð°Ñ‰ÐµÐ½Ð¸Ðµ</a> Ñ Ð¿Ð¾Ð´Ð´ÐµÑ€Ð¶ÐºÐ¾Ð¹ ÐºÐ¾Ð»Ð»ÐµÐ³ Ð¸Ð· Â«ÐÐ¾Ð²Ð¾Ð¹ Ð³Ð°Ð·ÐµÑ‚Ñ‹Â», ÑÑ‚Ð¾Ð»ÐºÐ½ÑƒÐ²ÑˆÐ¸Ñ…ÑÑ Ñ <a href="https://tjournal.ru/43238-muftii-chechni-nazval-zhurnalista-novoi-gazeti-sushestvom-i-poobeshal-izdaniu-vozmezdie-allaha" target="_blank" rel="noreferrer">ÑƒÐ³Ñ€Ð¾Ð·Ð°Ð¼Ð¸</a> ÑÐ¾ ÑÑ‚Ð¾Ñ€Ð¾Ð½Ñ‹ Ñ‡ÐµÑ‡ÐµÐ½ÑÐºÐ¸Ñ… Ð´ÑƒÑ…Ð¾Ð²Ð½Ñ‹Ñ… Ð»Ð¸Ð´ÐµÑ€Ð¾Ð² Ð¸Ð·-Ð·Ð° ÑÑ‚Ð°Ñ‚ÐµÐ¹ Ð¾ Ð¿Ñ€Ð¸Ñ‚ÐµÑÐ½ÐµÐ½Ð¸Ð¸ Ð³ÐµÐµÐ² Ð² Ñ€ÐµÑÐ¿ÑƒÐ±Ð»Ð¸ÐºÐµ.</p><p>Ð¢Ð²Ð¸Ñ‚Ð½ÑƒÑ‚ÑŒ7ÐŸÐ¾Ð´ÐµÐ»Ð¸Ñ‚ÑŒÑÑÐŸÐ¾Ð´ÐµÐ»Ð¸Ñ‚ÑŒÑÑ1<br></p><div class="wrapper-image">\n        <div class="wrapper-label">\n            <div class="wrapper-wide">\n                                            <a href="https://gif.cmtt.space/3/club/a9/2e/2c/28a24a36d5fd8c.jpg" class="fancybox">\n                            <img src="https://gif.cmtt.space/3/club/a9/2e/2c/28a24a36d5fd8c.jpg" width="100%">\n                        </a>\n            </div>\n                            <span></span>\n        </div>\n    </div>', -1, '5-glavred-eha-moskvi-sravnil-ugrozi-iz-chechni-s-ugrozami-iz-ig', '2017-04-16 14:43:12', 5, 'news', 29, '', '0', 0, '0', 0),
(105, 'Ñ‚ÐµÑÑ‚Ð²Ð¸Ð´ÐµÐ¾Ð²Ðº', '<p>Ñ‚ÐµÐºÑÑ‚</p>', '<p>Ñ‚ÐµÐºÑÑ‚</p><div><div style="left: 0; width: 100%; height: 0; position: relative; padding-bottom: 56.9444%;"><iframe src="//cdn.iframe.ly/api/iframe?url=https%3A%2F%2Fvk.com%2Fvideo%3Fz%3Dvideo-12256840_456243774&amp;key=a458d2a49c48e2ef7d0a9517714338c2" style="border: 0; top: 0; left: 0; width: 100%; height: 100%; position: absolute;" allowfullscreen scrolling="no"></iframe></div></div>', 0, '1-testvideovk', '2017-04-25 10:28:08', 1, 'article', 36, '', '0', 0, '0', 0),
(106, 'Ñ‚ÐµÑÑ‚Ð²Ð¸Ð´ÐµÐ¾Ð²ÐºÐ½Ð¾Ð²Ð¾ÑÑ‚ÑŒ', '<p>Ñ„Ð²Ñ„Ð²Ñ„Ñ‹Ð²Ñ„Ð²Ñ‹Ñ‹Ñ„Ð²</p>', '<p>Ñ„Ð²Ñ„Ð²Ñ„Ñ‹Ð²Ñ„Ð²Ñ‹Ñ‹Ñ„Ð²</p><div><div style="left: 0; width: 100%; height: 0; position: relative; padding-bottom: 56.9444%;"><iframe src="//cdn.iframe.ly/api/iframe?url=https%3A%2F%2Fvk.com%2Fvideo%3Fz%3Dvideo-12256840_456243774&amp;key=a458d2a49c48e2ef7d0a9517714338c2" style="border: 0; top: 0; left: 0; width: 100%; height: 100%; position: absolute;" allowfullscreen scrolling="no"></iframe></div></div>', 1, '1-testvideovknovost', '2017-04-25 11:46:38', 1, 'video', 124, '', '0', 0, '//vk.com/video_ext.php?oid=-12256840&id=456243774', 0),
(107, 'Ð¢ÐµÑÑ‚', '<p>Ð¢ÐµÑÑ‚</p>', '<p>Ð¢ÐµÑÑ‚</p><div class="b-article__link">\n                <a href="https://tjournal.ru/redirect?url=https://ruposters.ru/life/28-11-2016/pornomodel-tjournal-obman" target="_blank"><i class="icon-link"></i><span><u>https://ruposters.ru/life/28-11-2016/pornomodel-tjournal-obman</u></span></a>\n            </div>', 0, '5-test', '2017-04-25 23:29:45', 5, 'article', 19, '', '0', 0, '0', 0),
(108, 'ÐŸÐ¸Ñ€Ð°Ñ‚Ñ‹ ÐšÐ°Ñ€Ð¸Ð±ÑÐºÐ¾Ð³Ð¾ ÐœÐ¾Ñ€Ñ 5', '<p>ÐŸÐ¸Ñ€Ð°Ñ‚Ñ‹ ÐšÐ°Ñ€Ð¸Ð±ÑÐºÐ¾Ð³Ð¾ ÐœÐ¾Ñ€Ñ 5</p>', '<p>ÐŸÐ¸Ñ€Ð°Ñ‚Ñ‹ ÐšÐ°Ñ€Ð¸Ð±ÑÐºÐ¾Ð³Ð¾ ÐœÐ¾Ñ€Ñ 5</p><div class="wrapper-wide">\n                    \n            <div class="wrapper-video">\n                <iframe src="http://www.youtube.com/embed/GQR23Ri73pE" width="800" height="450" frameborder="0" allowfullscreen=""></iframe>\n            </div>\n\n            </div>', 1, '5-pirati-karibskogo-morya-5', '2017-05-15 21:24:20', 5, 'video', 14, '', '0', 0, '<div class="wrapper-wide">\n                    \n            <div class="wrapper-video">\n                <iframe src="http://www.youtube.com/embed/GQR23Ri73pE" width="800" height="450" frameborder="0" allowfullscreen=""></iframe>\n            </div>\n\n      ', 0),
(109, 'Ð§ÐµÐ³Ð¾ Ð¶Ð´Ð°Ñ‚ÑŒ Ð¾Ñ‚ Google I/O 2017', '<p>Ð’ Ð¾Ñ‚Ð»Ð¸Ñ‡Ð¸Ðµ Ð¾Ñ‚ Ð½Ð°Ð·Ð²Ð°Ð½Ð¸Ñ, Ð¿ÐµÑ€Ð²Ñ‹Ðµ Ð¾ÑÐ¾Ð±ÐµÐ½Ð½Ð¾ÑÑ‚Ð¸ Android 8.0 ÑƒÐ¶Ðµ Ð¸Ð·Ð²ÐµÑÑ‚Ð½Ñ‹ Ð¸Ð· Ð²ÐµÑ€ÑÐ¸Ð¸ Ð´Ð»Ñ Ñ€Ð°Ð·Ñ€Ð°Ð±Ð¾Ñ‚Ñ‡Ð¸ÐºÐ¾Ð². Ð’ Â«OÂ» Ð¿Ð¾Ð»ÑŒÐ·Ð¾Ð²Ð°Ñ‚ÐµÐ»Ð¸ Ð¿Ð¾Ð»ÑƒÑ‡Ð°Ñ‚ Ð²Ð¾Ð·Ð¼Ð¾Ð¶Ð½Ð¾ÑÑ‚ÑŒ Ð¾Ñ‚ÐºÐ»Ð°Ð´Ñ‹', '<p>Ð’ Ð¾Ñ‚Ð»Ð¸Ñ‡Ð¸Ðµ Ð¾Ñ‚ Ð½Ð°Ð·Ð²Ð°Ð½Ð¸Ñ, Ð¿ÐµÑ€Ð²Ñ‹Ðµ Ð¾ÑÐ¾Ð±ÐµÐ½Ð½Ð¾ÑÑ‚Ð¸ Android 8.0 ÑƒÐ¶Ðµ Ð¸Ð·Ð²ÐµÑÑ‚Ð½Ñ‹ Ð¸Ð· Ð²ÐµÑ€ÑÐ¸Ð¸ Ð´Ð»Ñ Ñ€Ð°Ð·Ñ€Ð°Ð±Ð¾Ñ‚Ñ‡Ð¸ÐºÐ¾Ð². Ð’ Â«OÂ» Ð¿Ð¾Ð»ÑŒÐ·Ð¾Ð²Ð°Ñ‚ÐµÐ»Ð¸ Ð¿Ð¾Ð»ÑƒÑ‡Ð°Ñ‚ Ð²Ð¾Ð·Ð¼Ð¾Ð¶Ð½Ð¾ÑÑ‚ÑŒ Ð¾Ñ‚ÐºÐ»Ð°Ð´Ñ‹Ð²Ð°Ñ‚ÑŒ ÑƒÐ²ÐµÐ´Ð¾Ð¼Ð»ÐµÐ½Ð¸Ð¹ (Ð¾Ñ‚ 15 Ð¼Ð¸Ð½ÑƒÑ‚ Ð´Ð¾ Ñ‡Ð°ÑÐ°), Ð¿Ñ€Ð¾Ð³Ñ€Ð°Ð¼Ð¼Ð½Ð¾Ðµ ÑƒÐ»ÑƒÑ‡ÑˆÐµÐ½Ð¸Ðµ ÐºÐ°Ñ‡ÐµÑÑ‚Ð²Ð° Ð·Ð²ÑƒÐºÐ° Ð² Bluetooth-Ð½Ð°ÑƒÑˆÐ½Ð¸ÐºÐ°Ñ… Ð¸ Ñ„ÑƒÐ½ÐºÑ†Ð¸ÑŽ Â«ÐºÐ°Ñ€Ñ‚Ð¸Ð½ÐºÐ°-Ð²-ÐºÐ°Ñ€Ñ‚Ð¸Ð½ÐºÐµÂ» Ð´Ð»Ñ Ð²Ð¸Ð´ÐµÐ¾Ð¿Ñ€Ð¸Ð»Ð¾Ð¶ÐµÐ½Ð¸Ð¹ Google.</p><p>Ð•Ñ‰Ñ‘ Ð¾Ð´Ð½Ð¾Ð¹ Ð¾ÑÐ¾Ð±ÐµÐ½Ð½Ð¾ÑÑ‚ÑŒÑŽ, ÐºÐ¾Ñ‚Ð¾Ñ€ÑƒÑŽ Ñ€Ð°Ð·Ñ€Ð°Ð±Ð¾Ñ‚Ñ‡Ð¸ÐºÐ¸ Ð½Ð°ÑˆÐ»Ð¸ Ð² Ð²Ð¾ÑÑŒÐ¼Ð¾Ð¹ Ð²ÐµÑ€ÑÐ¸Ð¸ Android, ÑÑ‚Ð°Ð»Ð¾ Ð¿Ð¾Ð²Ñ‹ÑˆÐµÐ½Ð¸Ðµ ÑÐ½ÐµÑ€Ð³Ð¾ÑÑ„Ñ„ÐµÐºÑ‚Ð¸Ð²Ð½Ð¾ÑÑ‚Ð¸ Ð¿Ñ€Ð¸Ð»Ð¾Ð¶ÐµÐ½Ð¸Ð¹ Ð² Ñ„Ð¾Ð½Ð¾Ð²Ð¾Ð¼ Ñ€ÐµÐ¶Ð¸Ð¼Ðµ. Ð¢ÐµÐ¿ÐµÑ€ÑŒ ÑÐ¸ÑÑ‚ÐµÐ¼Ð° ÑÐ¼Ð¾Ð¶ÐµÑ‚ Ð¾Ð³Ñ€Ð°Ð½Ð¸Ñ‡Ð¸Ð²Ð°Ñ‚ÑŒ Ð¸ÑÐ¿Ð¾Ð»ÑŒÐ·Ð¾Ð²Ð°Ð½Ð¸Ðµ Ñ€Ð°Ð·Ð»Ð¸Ñ‡Ð½Ñ‹Ñ… ÑÐ½ÐµÑ€Ð³Ð¾Ñ‘Ð¼ÐºÐ¸Ñ… ÑÐ»ÑƒÐ¶Ð± Ð¿Ñ€Ð¾Ð³Ñ€Ð°Ð¼Ð¼Ð°Ð¼Ð¸, ÐºÐ¾Ñ‚Ð¾Ñ€Ñ‹Ðµ Ð½Ðµ Ð²Ñ‹Ð²ÐµÐ´ÐµÐ½Ñ‹ Ð½Ð° ÑÐºÑ€Ð°Ð½.</p><p>Android 8.0 Ñ‚Ð°ÐºÐ¶Ðµ ÑÐ¼Ð¾Ð¶ÐµÑ‚ Ð°Ð²Ñ‚Ð¾Ð¼Ð°Ñ‚Ð¸Ñ‡ÐµÑÐºÐ¸ Ð¸Ð·Ð¼ÐµÐ½ÑÑ‚ÑŒ Ñ„Ð¾Ñ€Ð¼Ñƒ Ð¸ÐºÐ¾Ð½Ð¾Ðº Ð¿Ñ€Ð¸Ð»Ð¾Ð¶ÐµÐ½Ð¸Ð¹ Ð² Ð·Ð°Ð²Ð¸ÑÐ¸Ð¼Ð¾ÑÑ‚Ð¸ Ð¾Ñ‚ Ð¸ÑÐ¿Ð¾Ð»ÑŒÐ·ÑƒÐµÐ¼Ð¾Ð¹ Ð½Ð° ÐºÐ¾Ð½ÐºÑ€ÐµÑ‚Ð½Ð¾Ð¼ ÑƒÑÑ‚Ñ€Ð¾Ð¹ÑÑ‚Ð²Ðµ Ð³Ñ€Ð°Ñ„Ð¸Ñ‡ÐµÑÐºÐ¾Ð¹ ÑÐ¸ÑÑ‚ÐµÐ¼Ñ‹. ÐÐ¾Ð²Ñ‹Ð¹ Ð¿Ñ€Ð¸Ð½Ñ†Ð¸Ð¿ Ñ„Ð¾Ñ€Ð¼Ð¸Ñ€Ð¾Ð²Ð°Ð½Ð¸Ñ ÑÑ€Ð»Ñ‹Ñ‡ÐºÐ¾Ð² Ð¿Ñ€ÐµÐ´Ð»Ð°Ð³Ð°ÐµÑ‚ Ñ‚Ñ€Ð¸ Ð²Ð°Ñ€Ð¸Ð°Ð½Ñ‚Ð°: ÐºÑ€ÑƒÐ³, ÑÐºÑ€ÑƒÐ³Ð»Ñ‘Ð½Ð½Ñ‹Ð¹ Ð¸ Ð¾Ð±Ñ‹Ñ‡Ð½Ñ‹Ð¹ ÐºÐ²Ð°Ð´Ñ€Ð°Ñ‚ Ñ ÐºÑ€ÑƒÐ³Ð»Ñ‹Ð¼Ð¸ ÑƒÐ³Ð»Ð°Ð¼Ð¸.</p><div class="wrapper-image">\n        <div class="wrapper-label">\n            <div class="wrapper-wide">\n                                            <a href="/img/downloads/0651f280690bd8.jpg" class="fancybox">\n                            <img src="/img/downloads/0651f280690bd8.jpg" width="100%">\n                        </a>\n            </div>\n                            <span></span>\n        </div>\n    </div>', 0, '6-chego-zhdat-ot-google-io-2017', '2017-05-16 23:16:40', 6, 'article', 78, '', '0', 0, '0', 0),
(110, 'Android 8.0', '<p>Ð’ Ð¾Ñ‚Ð»Ð¸Ñ‡Ð¸Ðµ Ð¾Ñ‚ Ð½Ð°Ð·Ð²Ð°Ð½Ð¸Ñ, Ð¿ÐµÑ€Ð²Ñ‹Ðµ Ð¾ÑÐ¾Ð±ÐµÐ½Ð½Ð¾ÑÑ‚Ð¸ Android 8.0 ÑƒÐ¶Ðµ Ð¸Ð·Ð²ÐµÑÑ‚Ð½Ñ‹ Ð¸Ð· Ð²ÐµÑ€ÑÐ¸Ð¸ Ð´Ð»Ñ Ñ€Ð°Ð·Ñ€Ð°Ð±Ð¾Ñ‚Ñ‡Ð¸ÐºÐ¾Ð². Ð’ Â«OÂ» Ð¿Ð¾Ð»ÑŒÐ·Ð¾Ð²Ð°Ñ‚ÐµÐ»Ð¸ Ð¿Ð¾Ð»ÑƒÑ‡Ð°Ñ‚ Ð²Ð¾Ð·Ð¼Ð¾Ð¶Ð½Ð¾ÑÑ‚ÑŒ Ð¾Ñ‚ÐºÐ»Ð°Ð´Ñ‹', '<p>Ð’ Ð¾Ñ‚Ð»Ð¸Ñ‡Ð¸Ðµ Ð¾Ñ‚ Ð½Ð°Ð·Ð²Ð°Ð½Ð¸Ñ, Ð¿ÐµÑ€Ð²Ñ‹Ðµ Ð¾ÑÐ¾Ð±ÐµÐ½Ð½Ð¾ÑÑ‚Ð¸ Android 8.0 ÑƒÐ¶Ðµ Ð¸Ð·Ð²ÐµÑÑ‚Ð½Ñ‹ Ð¸Ð· Ð²ÐµÑ€ÑÐ¸Ð¸ Ð´Ð»Ñ Ñ€Ð°Ð·Ñ€Ð°Ð±Ð¾Ñ‚Ñ‡Ð¸ÐºÐ¾Ð². Ð’ Â«OÂ» Ð¿Ð¾Ð»ÑŒÐ·Ð¾Ð²Ð°Ñ‚ÐµÐ»Ð¸ Ð¿Ð¾Ð»ÑƒÑ‡Ð°Ñ‚ Ð²Ð¾Ð·Ð¼Ð¾Ð¶Ð½Ð¾ÑÑ‚ÑŒ Ð¾Ñ‚ÐºÐ»Ð°Ð´Ñ‹Ð²Ð°Ñ‚ÑŒ ÑƒÐ²ÐµÐ´Ð¾Ð¼Ð»ÐµÐ½Ð¸Ð¹ (Ð¾Ñ‚ 15 Ð¼Ð¸Ð½ÑƒÑ‚ Ð´Ð¾ Ñ‡Ð°ÑÐ°), Ð¿Ñ€Ð¾Ð³Ñ€Ð°Ð¼Ð¼Ð½Ð¾Ðµ ÑƒÐ»ÑƒÑ‡ÑˆÐµÐ½Ð¸Ðµ ÐºÐ°Ñ‡ÐµÑÑ‚Ð²Ð° Ð·Ð²ÑƒÐºÐ° Ð² Bluetooth-Ð½Ð°ÑƒÑˆÐ½Ð¸ÐºÐ°Ñ… Ð¸ Ñ„ÑƒÐ½ÐºÑ†Ð¸ÑŽ Â«ÐºÐ°Ñ€Ñ‚Ð¸Ð½ÐºÐ°-Ð²-ÐºÐ°Ñ€Ñ‚Ð¸Ð½ÐºÐµÂ» Ð´Ð»Ñ Ð²Ð¸Ð´ÐµÐ¾Ð¿Ñ€Ð¸Ð»Ð¾Ð¶ÐµÐ½Ð¸Ð¹ Google.</p><p>Ð•Ñ‰Ñ‘ Ð¾Ð´Ð½Ð¾Ð¹ Ð¾ÑÐ¾Ð±ÐµÐ½Ð½Ð¾ÑÑ‚ÑŒÑŽ, ÐºÐ¾Ñ‚Ð¾Ñ€ÑƒÑŽ Ñ€Ð°Ð·Ñ€Ð°Ð±Ð¾Ñ‚Ñ‡Ð¸ÐºÐ¸ Ð½Ð°ÑˆÐ»Ð¸ Ð² Ð²Ð¾ÑÑŒÐ¼Ð¾Ð¹ Ð²ÐµÑ€ÑÐ¸Ð¸ Android, ÑÑ‚Ð°Ð»Ð¾ Ð¿Ð¾Ð²Ñ‹ÑˆÐµÐ½Ð¸Ðµ ÑÐ½ÐµÑ€Ð³Ð¾ÑÑ„Ñ„ÐµÐºÑ‚Ð¸Ð²Ð½Ð¾ÑÑ‚Ð¸ Ð¿Ñ€Ð¸Ð»Ð¾Ð¶ÐµÐ½Ð¸Ð¹ Ð² Ñ„Ð¾Ð½Ð¾Ð²Ð¾Ð¼ Ñ€ÐµÐ¶Ð¸Ð¼Ðµ. Ð¢ÐµÐ¿ÐµÑ€ÑŒ ÑÐ¸ÑÑ‚ÐµÐ¼Ð° ÑÐ¼Ð¾Ð¶ÐµÑ‚ Ð¾Ð³Ñ€Ð°Ð½Ð¸Ñ‡Ð¸Ð²Ð°Ñ‚ÑŒ Ð¸ÑÐ¿Ð¾Ð»ÑŒÐ·Ð¾Ð²Ð°Ð½Ð¸Ðµ Ñ€Ð°Ð·Ð»Ð¸Ñ‡Ð½Ñ‹Ñ… ÑÐ½ÐµÑ€Ð³Ð¾Ñ‘Ð¼ÐºÐ¸Ñ… ÑÐ»ÑƒÐ¶Ð± Ð¿Ñ€Ð¾Ð³Ñ€Ð°Ð¼Ð¼Ð°Ð¼Ð¸, ÐºÐ¾Ñ‚Ð¾Ñ€Ñ‹Ðµ Ð½Ðµ Ð²Ñ‹Ð²ÐµÐ´ÐµÐ½Ñ‹ Ð½Ð° ÑÐºÑ€Ð°Ð½.</p><p>Android 8.0 Ñ‚Ð°ÐºÐ¶Ðµ ÑÐ¼Ð¾Ð¶ÐµÑ‚ Ð°Ð²Ñ‚Ð¾Ð¼Ð°Ñ‚Ð¸Ñ‡ÐµÑÐºÐ¸ Ð¸Ð·Ð¼ÐµÐ½ÑÑ‚ÑŒ Ñ„Ð¾Ñ€Ð¼Ñƒ Ð¸ÐºÐ¾Ð½Ð¾Ðº Ð¿Ñ€Ð¸Ð»Ð¾Ð¶ÐµÐ½Ð¸Ð¹ Ð² Ð·Ð°Ð²Ð¸ÑÐ¸Ð¼Ð¾ÑÑ‚Ð¸ Ð¾Ñ‚ Ð¸ÑÐ¿Ð¾Ð»ÑŒÐ·ÑƒÐµÐ¼Ð¾Ð¹ Ð½Ð° ÐºÐ¾Ð½ÐºÑ€ÐµÑ‚Ð½Ð¾Ð¼ ÑƒÑÑ‚Ñ€Ð¾Ð¹ÑÑ‚Ð²Ðµ Ð³Ñ€Ð°Ñ„Ð¸Ñ‡ÐµÑÐºÐ¾Ð¹ ÑÐ¸ÑÑ‚ÐµÐ¼Ñ‹. ÐÐ¾Ð²Ñ‹Ð¹ Ð¿Ñ€Ð¸Ð½Ñ†Ð¸Ð¿ Ñ„Ð¾Ñ€Ð¼Ð¸Ñ€Ð¾Ð²Ð°Ð½Ð¸Ñ ÑÑ€Ð»Ñ‹Ñ‡ÐºÐ¾Ð² Ð¿Ñ€ÐµÐ´Ð»Ð°Ð³Ð°ÐµÑ‚ Ñ‚Ñ€Ð¸ Ð²Ð°Ñ€Ð¸Ð°Ð½Ñ‚Ð°: ÐºÑ€ÑƒÐ³, ÑÐºÑ€ÑƒÐ³Ð»Ñ‘Ð½Ð½Ñ‹Ð¹ Ð¸ Ð¾Ð±Ñ‹Ñ‡Ð½Ñ‹Ð¹ ÐºÐ²Ð°Ð´Ñ€Ð°Ñ‚ Ñ ÐºÑ€ÑƒÐ³Ð»Ñ‹Ð¼Ð¸ ÑƒÐ³Ð»Ð°Ð¼Ð¸.</p><div class="wrapper-wide">\n                    \n            <div class="wrapper-video">\n                <iframe src="http://www.youtube.com/embed/ZINRGIthARk" width="800" height="450" frameborder="0" allowfullscreen=""></iframe>\n            </div>\n\n            </div>', -1, '6-android-80', '2017-05-16 23:17:33', 6, 'video', 29, '', '0', 0, '<div class="wrapper-wide">\n                    \n            <div class="wrapper-video">\n                <iframe src="http://www.youtube.com/embed/ZINRGIthARk" width="800" height="450" frameborder="0" allowfullscreen=""></iframe>\n            </div>\n\n      ', 0),
(111, 'Android 8.0', '<p> Android 8.0 </p>', '<p> Android 8.0 </p><div class="wrapper-image">\n        <div class="wrapper-label">\n            <div class="wrapper-wide">\n                                            <a href="/img/downloads/6d9beeead26d5f.jpg" class="fancybox">\n                            <img src="/img/downloads/6d9beeead26d5f.jpg" width="100%">\n                        </a>\n            </div>\n                            <span></span>\n        </div>\n    </div>', 0, '6-android-80', '2017-05-16 23:17:52', 6, 'offtop', 0, '', '//img/downloads/6d9beeead26d5f.jpg', 0, '0', 0),
(112, 'ÐŸÐ¾ Ð´Ð°Ð½Ð½Ñ‹Ð¼ Ð¸Ð·Ð´Ð°Ð½Ð¸Ñ The Information', '<p> Ð¡Ð¾Ð³Ð»Ð°ÑÐ½Ð¾ Ð¿ÑƒÐ±Ð»Ð¸ÐºÐ°Ñ†Ð¸Ð¸ Ars Techinca, Ð¿Ñ€ÐµÐ´Ð¿Ð¾Ð»Ð°Ð³Ð°ÐµÐ¼Ð°Ñ VR-Ð½Ð¾Ð²Ð¸Ð½ÐºÐ° Ð¾Ñ‚ Google Ñ‚Ð°ÐºÐ¶Ðµ Ð¸Ð·Ð±Ð°Ð²Ð¸Ñ‚ÑÑ Ð¾Ñ‚ ÐµÑ‰Ñ‘ Ð¾Ð´Ð½Ð¾Ð¹ Ð¿Ñ€Ð¾Ð±Ð»ÐµÐ¼Ñ‹, ÑÐ²ÑÐ·Ð°Ð½Ð½Ð¾Ð¹ Ñ Ð¸ÑÐ¿Ð¾Ð»ÑŒÐ·Ð¾Ð²Ð°Ð½Ð¸ÐµÐ¼ ÑÐ¼Ð°Ñ€Ñ‚Ñ„Ð¾Ð½Ð°', '<div class="b-article__link">\n                <a href="https://tjournal.ru/redirect?url=https://tjournal.ru/44380-chego-zhdat-ot-google-io-2017" target="_blank"><i class="icon-link"></i><span><u>https://tjournal.ru/44380-chego-zhdat-ot-google-io-2017</u></span></a>\n            </div><p> Ð¡Ð¾Ð³Ð»Ð°ÑÐ½Ð¾ Ð¿ÑƒÐ±Ð»Ð¸ÐºÐ°Ñ†Ð¸Ð¸ Ars Techinca, Ð¿Ñ€ÐµÐ´Ð¿Ð¾Ð»Ð°Ð³Ð°ÐµÐ¼Ð°Ñ VR-Ð½Ð¾Ð²Ð¸Ð½ÐºÐ° Ð¾Ñ‚ Google Ñ‚Ð°ÐºÐ¶Ðµ Ð¸Ð·Ð±Ð°Ð²Ð¸Ñ‚ÑÑ Ð¾Ñ‚ ÐµÑ‰Ñ‘ Ð¾Ð´Ð½Ð¾Ð¹ Ð¿Ñ€Ð¾Ð±Ð»ÐµÐ¼Ñ‹, ÑÐ²ÑÐ·Ð°Ð½Ð½Ð¾Ð¹ Ñ Ð¸ÑÐ¿Ð¾Ð»ÑŒÐ·Ð¾Ð²Ð°Ð½Ð¸ÐµÐ¼ ÑÐ¼Ð°Ñ€Ñ‚Ñ„Ð¾Ð½Ð° â€” Ð½ÐµÐ¾Ð±Ñ…Ð¾Ð´Ð¸Ð¼Ð¾ÑÑ‚ÑŒÑŽ ÑÐºÐ¾Ð½Ð¾Ð¼Ð¸Ñ‚ÑŒ Ð·Ð°Ñ€ÑÐ´. ÐŸÐ¾ÑÐºÐ¾Ð»ÑŒÐºÐ¾ ÑÑ‚Ð¾ Ð±Ð¾Ð»ÑŒÑˆÐµ Ð½Ðµ Ð½ÑƒÐ¶Ð½Ð¾ Ð±ÑƒÐ´ÐµÑ‚ Ð´ÐµÐ»Ð°Ñ‚ÑŒ, Ñ€Ð°Ð·Ñ€Ð°Ð±Ð¾Ñ‚Ñ‡Ð¸ÐºÐ¸ ÑÐ¼Ð¾Ð³ÑƒÑ‚ ÑƒÑÑ‚Ð°Ð½Ð¾Ð²Ð¸Ñ‚ÑŒ Ð² Ð³Ð°Ñ€Ð½Ð¸Ñ‚ÑƒÑ€Ñƒ ÑÐ½ÐµÑ€Ð³Ð¾Ñ‘Ð¼ÐºÐ¸Ð¹ 4Ðš-ÑÐºÑ€Ð°Ð½. </p><div class="wrapper-image">\n        <div class="wrapper-label">\n            <div class="wrapper-wide">\n                                            <a href="/img/downloads/6d9beeead26d5f.jpg" class="fancybox">\n                            <img src="/img/downloads/6d9beeead26d5f.jpg" width="100%">\n                        </a>\n            </div>\n                            <span></span>\n        </div>\n    </div>', 0, '6-po-dannim-izdaniya-the-information', '2017-05-16 23:18:47', 6, 'news', 54, '', '//img/downloads/6d9beeead26d5f.jpg', 0, '0', 0),
(113, 'Ð²Ðº', '<p>Ð²Ðº</p>', '<p>Ð²Ðº</p><div><div style="left: 0; width: 100%; height: 0; position: relative; padding-bottom: 56.9444%;"><iframe src="//cdn.iframe.ly/api/iframe?url=https%3A%2F%2Fvk.com%2Fvideo%3Fz%3Dvideo-52925039_456240705&amp;key=a458d2a49c48e2ef7d0a9517714338c2" style="border: 0; top: 0; left: 0; width: 100%; height: 100%; position: absolute;" allowfullscreen scrolling="no"></iframe></div></div>', 0, '5-vk', '2017-05-16 23:59:27', 5, 'video', 20, '', '0', 0, '//vk.com/video_ext.php?oid=-52925039&id=456240705', 0),
(114, '222', '<p>222</p>', '<p>222</p>', 0, '5-222', '2017-05-17 00:00:33', 5, 'offtop', 91, '', '0', 0, '0', 0),
(117, 'Ð”ÐµÐ¼Ð¾', '<p>Ð¢ÐµÐºÑÑ‚</p>', '<p>Ð¢ÐµÐºÑÑ‚</p><div class="wrapper-wide">\n                    \n            <div class="wrapper-video">\n                <iframe src="http://www.youtube.com/embed/lyzTlM2uRQU" width="800" height="450" frameborder="0" allowfullscreen=""></iframe>\n            </div>\n\n            </div>', 1, '5-demo', '2017-06-09 13:00:12', 5, 'article', 10, '', '0', 0, '0', 0),
(115, 'Ð½Ð¾Ð²Ð¾ÑÑ‚ÑŒ', '<p>Ð°Ð²Ñ‹Ð°Ð´Ð¾ Ñ‹Ð²Ñ‚Ð°Ð´Ð» Ñ‚Ñ‹Ð²Ð´Ð°Ð»Ñ‚Ñ‹Ð²Ð´Ð»Ð°Ñ‚Ñ‹Ð²Ð´Ð°Ñ‚ Ð²Ñ‹Ð´Ð»Ð°Ñ‚Ñ‹Ð²Ð´Ð»Ñ‚Ð°</p>', '<div class="b-article__link">\n                <a href="https://tjournal.ru/redirect?url=https://lenta.ru/news/2017/05/22/edu_v_magadan/" target="_blank"><i class="icon-link"></i><span><u>https://lenta.ru/news/2017/05/22/edu_v_magadan/</u></span></a>\n            </div><p>Ð°Ð²Ñ‹Ð°Ð´Ð¾ Ñ‹Ð²Ñ‚Ð°Ð´Ð» Ñ‚Ñ‹Ð²Ð´Ð°Ð»Ñ‚Ñ‹Ð²Ð´Ð»Ð°Ñ‚Ñ‹Ð²Ð´Ð°Ñ‚ Ð²Ñ‹Ð´Ð»Ð°Ñ‚Ñ‹Ð²Ð´Ð»Ñ‚Ð°</p>', 0, '7-novost', '2017-05-22 19:00:42', 7, 'news', 68, '', '0', 0, '0', 0),
(116, 'Ð›ÑƒÑ‡ÑˆÐµ, Ñ‡ÐµÐ¼ Ð¾Ñ‚Ð¿ÐµÑ‡Ð°Ñ‚Ð¾Ðº Ð¿Ð°Ð»ÑŒÑ†Ð°', '<p>ÐšÐ¸Ñ‚Ð°Ð¹ÑÐºÐ¸Ðµ Ñ‚ÐµÑ…Ð½Ð¾Ð»Ð¾Ð³Ð¸Ð¸ Ð´Ð»Ñ Ñ€Ð°ÑÐ¿Ð¾Ð·Ð½Ð°Ð²Ð°Ð½Ð¸Ñ ÑÑ‚Ñ€ÐµÐ¼Ð¸Ñ‚ÐµÐ»ÑŒÐ½Ð¾ Ð·Ð°Ñ…Ð²Ð°Ñ‚Ñ‹Ð²Ð°ÑŽÑ‚ Ñ€Ñ‹Ð½Ð¾Ðº, Ð¿Ð¾Ð¼Ð¾Ð³Ð°ÑŽÑ‚ Ð²Ð¾Ð·Ð²Ñ€Ð°Ñ‰Ð°Ñ‚ÑŒ Ð² ÑÐµÐ¼ÑŒÐ¸ Ð¿Ñ€Ð¾Ð¿Ð°Ð²ÑˆÐ¸Ñ… Ð´ÐµÑ‚ÐµÐ¹ Ð¸ Ð²Ñ‹Ð±Ð¸Ñ€Ð°Ñ‚ÑŒ ÐµÐ´Ñƒ Ð² KFC. <', '<p>ÐšÐ¸Ñ‚Ð°Ð¹ÑÐºÐ¸Ðµ Ñ‚ÐµÑ…Ð½Ð¾Ð»Ð¾Ð³Ð¸Ð¸ Ð´Ð»Ñ Ñ€Ð°ÑÐ¿Ð¾Ð·Ð½Ð°Ð²Ð°Ð½Ð¸Ñ ÑÑ‚Ñ€ÐµÐ¼Ð¸Ñ‚ÐµÐ»ÑŒÐ½Ð¾ Ð·Ð°Ñ…Ð²Ð°Ñ‚Ñ‹Ð²Ð°ÑŽÑ‚ Ñ€Ñ‹Ð½Ð¾Ðº, Ð¿Ð¾Ð¼Ð¾Ð³Ð°ÑŽÑ‚ Ð²Ð¾Ð·Ð²Ñ€Ð°Ñ‰Ð°Ñ‚ÑŒ Ð² ÑÐµÐ¼ÑŒÐ¸ Ð¿Ñ€Ð¾Ð¿Ð°Ð²ÑˆÐ¸Ñ… Ð´ÐµÑ‚ÐµÐ¹ Ð¸ Ð²Ñ‹Ð±Ð¸Ñ€Ð°Ñ‚ÑŒ ÐµÐ´Ñƒ Ð² KFC. </p><div class="wrapper-image">\n        <div class="wrapper-label">\n            <div class="wrapper-wide">\n                                            <a href="https://gif.cmtt.space/3/club/9c/ae/48/d6c6b00ffad5eb.jpg" class="fancybox">\n                            <img src="https://gif.cmtt.space/3/club/9c/ae/48/d6c6b00ffad5eb.jpg" width="100%">\n                        </a>\n            </div>\n                            <span>ÐšÐ°Ñ€Ñ‚Ð¸Ð½ÐºÐ° Ñ Ð¸ÑÑ‚Ð¾Ñ‡Ð½Ð¸ÐºÐ¾Ð²</span>\n        </div>\n    </div><p>Ð’ Ð¼Ð°Ðµ 2017 Ð³Ð¾Ð´Ð° Ð¶Ð¸Ñ‚ÐµÐ»ÑŒ ÐšÐ¸Ñ‚Ð°Ñ <a href="https://tjournal.ru/redirect?url=http%3A%2F%2Fwww.vocativ.com%2F427175%2Ffacial-recognition-lost-children%2F" target="_blank" rel="noreferrer">Ð²Ð¾ÑÑÐ¾ÐµÐ´Ð¸Ð½Ð¸Ð»ÑÑ</a> ÑÐ¾ ÑÐ²Ð¾ÐµÐ¹ ÑÐµÐ¼ÑŒÑ‘Ð¹ ÑÐ¿ÑƒÑÑ‚Ñ 27 Ð»ÐµÑ‚ Ð±Ð»Ð°Ð³Ð¾Ð´Ð°Ñ€Ñ ÑÐ¸ÑÑ‚ÐµÐ¼Ðµ Ñ€Ð°ÑÐ¿Ð¾Ð·Ð½Ð°Ð²Ð°Ð½Ð¸Ñ Ð»Ð¸Ñ† Face++. Ð£Ð¶Ðµ Ð³Ð¾Ð´ ÑÑ‚Ñƒ Ñ‚ÐµÑ…Ð½Ð¾Ð»Ð¾Ð³Ð¸ÑŽ Ð¿Ñ€Ð¾Ð´Ð²Ð¸Ð³Ð°ÐµÑ‚ ÐºÐ¾Ñ€Ð¿Ð¾Ñ€Ð°Ñ†Ð¸Ñ Baidu, Ñ€Ð°ÑÐ¿Ñ€Ð¾ÑÑ‚Ñ€Ð°Ð½ÑÑ ÑÐµÑ€Ð²Ð¸Ñ Ð² Ñ€Ð°Ð·Ð»Ð¸Ñ‡Ð½Ñ‹Ðµ ÑÐ¾Ñ†Ð¸Ð°Ð»ÑŒÐ½Ñ‹Ðµ ÑÑ„ÐµÑ€Ñ‹. Ð¡Ð¸ÑÑ‚ÐµÐ¼Ñƒ Ð¸ÑÐ¿Ð¾Ð»ÑŒÐ·ÑƒÑŽÑ‚ Ð² Ð¾Ð±Ñ‰ÐµÑÑ‚Ð²ÐµÐ½Ð½Ñ‹Ñ… Ð¼ÐµÑÑ‚Ð°Ñ… Ð¸ Ð¿Ñ€Ð¸Ð¼ÐµÐ½ÑÑŽÑ‚ Ð² Ñ€ÐµÐºÐ»Ð°Ð¼Ð½Ñ‹Ñ… Ñ†ÐµÐ»ÑÑ…, Ñ‡Ñ‚Ð¾Ð±Ñ‹ Ð°Ð½Ð°Ð»Ð¸Ð·Ð¸Ñ€Ð¾Ð²Ð°Ñ‚ÑŒ Ð¶ÐµÐ»Ð°Ð½Ð¸Ñ ÐºÐ»Ð¸ÐµÐ½Ñ‚Ð¾Ð².</p><p>ÐšÐ¸Ñ‚Ð°Ð¹ÑÐºÐ¸Ðµ IT-ÑÐºÑÐ¿ÐµÑ€Ñ‚Ñ‹ ÑÑ‡Ð¸Ñ‚Ð°ÑŽÑ‚ Ñ‚ÐµÑ…Ð½Ð¾Ð»Ð¾Ð³Ð¸ÑŽ Ð²Ð°Ð¶Ð½Ñ‹Ð¼ ÑÐ»ÐµÐ¼ÐµÐ½Ñ‚Ð¾Ð¼ Ð±ÐµÐ·Ð¾Ð¿Ð°ÑÐ½Ð¾ÑÑ‚Ð¸ Ð´Ð»Ñ ÑÑ‚Ñ€Ð°Ð½Ñ‹, Ñ…Ð¾Ñ‚Ñ Ð·Ð°Ð¿Ð°Ð´Ð½Ñ‹Ðµ ÑÑ‚Ñ€Ð°Ð½Ñ‹ Ð°ÐºÑ‚Ð¸Ð²Ð½Ð¾ ÐºÑ€Ð¸Ñ‚Ð¸ÐºÑƒÑŽÑ‚ ÑÐµÑ€Ð²Ð¸Ñ, ÑÐºÐ¾Ð±Ñ‹ ÐµÐ³Ð¾ ÑÐ¾Ð·Ð´Ð°Ñ‚ÐµÐ»Ð¸ Ð¼Ð¾Ð³ÑƒÑ‚ Ð½Ð°Ñ€ÑƒÑˆÐ¸Ñ‚ÑŒ Ñ‡Ð°ÑÑ‚Ð½Ð¾Ðµ Ð¿Ñ€Ð¾ÑÑ‚Ñ€Ð°Ð½ÑÑ‚Ð²Ð¾ Ð¿Ð¾Ð»ÑŒÐ·Ð¾Ð²Ð°Ñ‚ÐµÐ»ÐµÐ¹.</p><p>Ð˜ÑÑ‚Ð¾Ñ€Ð¸Ñ Ð¾Ð´Ð½Ð¾Ð³Ð¾ Ð¿Ð¾Ñ…Ð¸Ñ‰ÐµÐ½Ð¸Ñ</p><p>Ð¨ÐµÑÑ‚Ð¸Ð»ÐµÑ‚Ð½ÐµÐ³Ð¾ Ð¤Ñƒ Ð“ÑƒÑ (Fu Gui) Ð¿Ð¾Ñ…Ð¸Ñ‚Ð¸Ð»Ð¸ Ð² 1990 Ð³Ð¾Ð´Ñƒ, ÐºÐ¾Ð³Ð´Ð° Ð¾Ð½ Ð²Ð¾Ð·Ð²Ñ€Ð°Ñ‰Ð°Ð»ÑÑ Ð¸Ð· ÑˆÐºÐ¾Ð»Ñ‹ Ð² ÐºÐ¸Ñ‚Ð°Ð¹ÑÐºÐ¾Ð¼ Ð³Ð¾Ñ€Ð¾Ð´Ðµ Ð§ÑƒÐ½Ñ†Ð¸Ð½. ÐÐµÐ¸Ð·Ð²ÐµÑÑ‚Ð½Ñ‹Ðµ Ð¿ÐµÑ€ÐµÐ²ÐµÐ·Ð»Ð¸ ÐµÐ³Ð¾ Ð² Ð¾ÐºÑ€ÑƒÐ³ Ð¦ÑŽÐ¹Ñ‡Ð¶Ð¾Ñƒ Ð¸ Ð¿Ñ€Ð¾Ð´Ð°Ð»Ð¸ Ð¿Ñ€Ð¸Ñ‘Ð¼Ð½Ñ‹Ð¼ Ñ€Ð¾Ð´Ð¸Ñ‚ÐµÐ»ÑÐ¼. Ð”Ð¾Ð»Ð³Ð¸Ðµ Ð³Ð¾Ð´Ñ‹ Ñƒ Ñ€ÐµÐ±Ñ‘Ð½ÐºÐ° Ð½Ðµ Ð±Ñ‹Ð»Ð¾ Ð²Ð¾Ð·Ð¼Ð¾Ð¶Ð½Ð¾ÑÑ‚Ð¸ ÑÐ²ÑÐ·Ð°Ñ‚ÑŒÑÑ Ñ Ð½Ð°ÑÑ‚Ð¾ÑÑ‰ÐµÐ¹ ÑÐµÐ¼ÑŒÑ‘Ð¹.</p><p>ÐŸÐ¾Ð´Ð¾Ð±Ð½Ñ‹Ðµ Ñ‚Ñ€Ð°Ð³ÐµÐ´Ð¸Ð¸ Ð¿Ñ€Ð¾Ð¸ÑÑ…Ð¾Ð´ÑÑ‚ Ð² ÐšÐ¸Ñ‚Ð°Ðµ Ð´Ð¾Ð²Ð¾Ð»ÑŒÐ½Ð¾ Ñ‡Ð°ÑÑ‚Ð¾. ÐŸÐ¾ Ñ€Ð°Ð·Ð½Ñ‹Ð¼ Ð¾Ñ†ÐµÐ½ÐºÐ°Ð¼, ÐµÐ¶ÐµÐ³Ð¾Ð´Ð½Ð¾ Ð² ÑÑ‚Ñ€Ð°Ð½Ðµ Ð¿Ð¾Ñ…Ð¸Ñ‰Ð°ÑŽÑ‚ Ð¾Ñ‚ 10 Ð´Ð¾ <a href="https://tjournal.ru/redirect?url=https%3A%2F%2Fforeignpolicy.com%2F2011%2F10%2F10%2Fchinas-missing-children%2F" target="_blank" rel="noreferrer">70 Ñ‚Ñ‹ÑÑÑ‡ Ð´ÐµÑ‚ÐµÐ¹</a>. Ð—Ð°Ñ‡Ð°ÑÑ‚ÑƒÑŽ Ð¸Ñ… Ð¿Ñ€Ð¾Ð´Ð°ÑŽÑ‚ Ð¿Ñ€Ð¸Ñ‘Ð¼Ð½Ñ‹Ð¼ Ñ€Ð¾Ð´Ð¸Ñ‚ÐµÐ»ÑÐ¼, Ð¸ÑÐ¿Ð¾Ð»ÑŒÐ·ÑƒÑŽÑ‚ ÐºÐ°Ðº Ñ€Ð°Ð±Ð¾Ð² Ð¸Ð»Ð¸ Ð² Ð¿Ñ€Ð¾ÑÑ‚Ð¸Ñ‚ÑƒÑ†Ð¸Ð¸.</p><p>Ð¡Ð°Ð¼Ð°Ñ Ð¸Ð·Ð²ÐµÑÑ‚Ð½Ð°Ñ ÐºÐ¸Ñ‚Ð°Ð¹ÑÐºÐ°Ñ Ð¾Ð±Ñ‰ÐµÑÑ‚Ð²ÐµÐ½Ð½Ð°Ñ Ð¾Ñ€Ð³Ð°Ð½Ð¸Ð·Ð°Ñ†Ð¸Ñ Ð¿Ð¾ Ð²Ð¾ÑÑÐ¾ÐµÐ´Ð¸Ð½ÐµÐ½Ð¸ÑŽ ÑÐµÐ¼ÐµÐ¹ Ð½Ð°Ð·Ñ‹Ð²Ð°ÐµÑ‚ÑÑ Baby Back Home (Baobeihuiji). Ð Ð¾Ð´Ð¸Ñ‚ÐµÐ»Ð¸ Ð¸Ð»Ð¸ Ð¿Ð¾Ñ…Ð¸Ñ‰ÐµÐ½Ð½Ñ‹Ðµ Ð² Ð¿Ñ€Ð¾ÑˆÐ»Ð¾Ð¼ Ð´ÐµÑ‚Ð¸ Ð¾Ñ‚Ð¿Ñ€Ð°Ð²Ð»ÑÑŽÑ‚ Ñ‚ÑƒÐ´Ð° Ñ„Ð¾Ñ‚Ð¾Ð³Ñ€Ð°Ñ„Ð¸ÑŽ Ñ€ÐµÐ±Ñ‘Ð½ÐºÐ°, Ð° Ð¾Ñ€Ð³Ð°Ð½Ð¸Ð·Ð°Ñ†Ð¸Ñ Ð·Ð°Ð½Ð¸Ð¼Ð°ÐµÑ‚ÑÑ Ð¿Ð¾Ð¸ÑÐºÐ¾Ð¼.</p><p>Ð§Ñ‚Ð¾Ð±Ñ‹ ÑƒÑÐºÐ¾Ñ€Ð¸Ñ‚ÑŒ Ð¿Ñ€Ð¾Ñ†ÐµÑÑ, Ð² 2013 Ð³Ð¾Ð´Ñƒ Baby Back Home <a href="https://tjournal.ru/redirect?url=http%3A%2F%2Fmashable.com%2F2013%2F05%2F31%2Fchinese-missing-kids-app%2F%23fUHpD8Byg8qL" target="_blank" rel="noreferrer">Ð½Ð°Ñ‡Ð°Ð»Ð°</a> Ð¸ÑÐ¿Ð¾Ð»ÑŒÐ·Ð¾Ð²Ð°Ñ‚ÑŒ ÑÐ¸ÑÑ‚ÐµÐ¼Ñƒ Ñ€Ð°ÑÐ¿Ð¾Ð·Ð½Ð°Ð²Ð°Ð½Ð¸Ñ Ð»Ð¸Ñ†. ÐŸÐ¾Ð»ÑŒÐ·Ð¾Ð²Ð°Ñ‚ÐµÐ»ÑŒ Ð¿Ñ€Ð¸Ð»Ð¾Ð¶ÐµÐ½Ð¸Ñ Ð·Ð°Ð³Ñ€ÑƒÐ¶Ð°Ð» Ñ„Ð¾Ñ‚Ð¾Ð³Ñ€Ð°Ñ„Ð¸ÑŽ Ð½ÑƒÐ¶Ð½Ð¾Ð³Ð¾ Ñ‡ÐµÐ»Ð¾Ð²ÐµÐºÐ° Ð¸Ð»Ð¸ ÑÐµÐ±Ñ, Ð° ÑÐ¸ÑÑ‚ÐµÐ¼Ð° Ð°Ð²Ñ‚Ð¾Ð¼Ð°Ñ‚Ð¸Ñ‡ÐµÑÐºÐ¸ Ð¸ÑÐºÐ°Ð»Ð° Ð² Ð°Ñ€Ñ…Ð¸Ð²Ð°Ñ… Ð¿Ð¾Ñ…Ð¾Ð¶Ð¸Ðµ Ð¸Ð·Ð¾Ð±Ñ€Ð°Ð¶ÐµÐ½Ð¸Ñ, Ð·Ð°Ð³Ñ€ÑƒÐ¶ÐµÐ½Ð½Ñ‹Ðµ Ð²Ñ‚Ð¾Ñ€Ñ‹Ð¼ ÑƒÑ‡Ð°ÑÑ‚Ð½Ð¸ÐºÐ¾Ð¼ Ð¿Ð¾Ð¸ÑÐºÐ°. Ð—Ð° Ð¿ÐµÑ€Ð²Ñ‹Ðµ Ð´Ð²Ðµ Ð½ÐµÐ´ÐµÐ»Ð¸ Ð¿Ñ€Ð¸Ð»Ð¾Ð¶ÐµÐ½Ð¸Ðµ ÑÐºÐ°Ñ‡Ð°Ð»Ð¾ 20 Ñ‚Ñ‹ÑÑÑ‡ Ñ‡ÐµÐ»Ð¾Ð²ÐµÐº, Ð° Ð´Ð²Ð° Ñ€ÐµÐ±Ñ‘Ð½ÐºÐ°, Ð¿Ð¾ ÑÐ»Ð¾Ð²Ð°Ð¼ Ð°Ð²Ñ‚Ð¾Ñ€Ð¾Ð², Ð½Ð°ÑˆÐ»Ð¸ Ñ€Ð¾Ð´ÑÑ‚Ð²ÐµÐ½Ð½Ð¸ÐºÐ¾Ð². Ð£ ÑÐ¸ÑÑ‚ÐµÐ¼Ñ‹ Ð±Ñ‹Ð» Ð¾Ð´Ð¸Ð½ ÑÑƒÑ‰ÐµÑÑ‚Ð²ÐµÐ½Ð½Ñ‹Ð¹ Ð¸Ð·ÑŠÑÐ½ â€” Ð¾Ð½Ð° Ð¼Ð¾Ð³Ð»Ð° ÑÐ¾Ð¿Ð¾ÑÑ‚Ð°Ð²Ð»ÑÑ‚ÑŒ Ð»Ð¸ÑˆÑŒ Ñ‚Ðµ Ñ„Ð¾Ñ‚Ð¾Ð³Ñ€Ð°Ñ„Ð¸Ð¸, Ð½Ð° ÐºÐ¾Ñ‚Ð¾Ñ€Ñ‹Ñ… Ð±Ñ‹Ð»Ð¸ Ð¸Ð·Ð¾Ð±Ñ€Ð°Ð¶ÐµÐ½Ñ‹ Ð»ÑŽÐ´Ð¸ Ð¿Ñ€Ð¸Ð¼ÐµÑ€Ð½Ð¾ Ð¾Ð´Ð½Ð¾Ð³Ð¾ Ð²Ð¾Ð·Ñ€Ð°ÑÑ‚Ð°.</p><div class="wrapper-image">\n        <div class="wrapper-label">\n            <div class="wrapper-wide">\n                                            <a href="/img/downloads/1c37a155a259c4.png" class="fancybox">\n                            <img src="/img/downloads/1c37a155a259c4.png" width="100%">\n                        </a>\n            </div>\n                            <span>ÐšÐ°Ñ€Ñ‚Ð¸Ð½ÐºÐ° Ñ ÐºÐ¾Ð¼Ð¿Ð°</span>\n        </div>\n    </div><blockquote class="q-1"><p>Baidu Ñ…Ð¾Ñ‡ÐµÑ‚ Ð¸ÑÐ¿Ð¾Ð»ÑŒÐ·Ð¾Ð²Ð°Ñ‚ÑŒ Face++, Ñ‡Ñ‚Ð¾Ð±Ñ‹ ÑƒÐ»ÑƒÑ‡ÑˆÐ¸Ñ‚ÑŒ Ð¶Ð¸Ð·Ð½ÑŒ Ð»ÑŽÐ´ÐµÐ¹. Ð¢ÐµÑ…Ð½Ð¾Ð»Ð¾Ð³Ð¸Ð¸ Ð²ÑÐµÐ³Ð´Ð° ÑÐ½Ð°Ñ‡Ð°Ð»Ð° Ð¸ÑÐ¿Ð¾Ð»ÑŒÐ·ÑƒÑŽÑ‚ Ð² ÑÑ„ÐµÑ€Ð°Ñ…, Ð³Ð´Ðµ Ð¾Ð½Ð¸ Ñ‚Ñ€ÐµÐ±ÑƒÐµÑ‚ÑÑ, Ð° ÑƒÐ¶Ðµ Ð¿Ð¾ÑÐ»Ðµ Ñ€Ð°Ð·Ð¼Ñ‹ÑˆÐ»ÑÑŽÑ‚ Ð¾ Ð´Ñ€ÑƒÐ³Ð¸Ñ… Ð¿ÐµÑ€ÑÐ¿ÐµÐºÑ‚Ð¸Ð²Ð°Ñ… Ð¸ Ð¾Ñ†ÐµÐ½Ð¸Ð²Ð°ÑŽÑ‚ ÐµÑ‘ Ð¾Ð±Ñ‰ÐµÑÑ‚Ð²ÐµÐ½Ð½Ñ‹Ð¹ Ð²ÐºÐ»Ð°Ð´. </p>\n        <strong>Ð¿Ñ€ÐµÐ´ÑÑ‚Ð°Ð²Ð¸Ñ‚ÐµÐ»ÑŒ ÐºÐ¾Ð¼Ð¿Ð°Ð½Ð¸Ð¸ Baidu</strong>\n    </blockquote>\n<div class="wrapper-wide">\n         <div class="wrapper-bg-light">\n            <div class="fotorama"\n     data-nav="thumbs"> <a href="https://gif.cmtt.space/3/club/4c/24/fa/012c383f643027.jpg" data-caption=""><img src="https://gif.cmtt.space/3/club/4c/24/fa/012c383f643027.jpg" data-caption="" ></a> <a href="https://gif.cmtt.space/3/club/c7/03/c0/723647add5440c.jpg" data-caption=""><img src="https://gif.cmtt.space/3/club/c7/03/c0/723647add5440c.jpg" data-caption="" ></a> <a href="https://gif.cmtt.space/3/club/1e/37/df/35f6fc55fdaaa7.png" data-caption=""><img src="https://gif.cmtt.space/3/club/1e/37/df/35f6fc55fdaaa7.png" data-caption="" ></a>\n</div></div></div><div class="wrapper-tweet"><a href="https://twitter.com/pIebeian/status/866359017051914241" data-iframely-url="//cdn.iframe.ly/api/iframe?url=https%3A%2F%2Ftwitter.com%2FpIebeian%2Fstatus%2F866359017051914241&key=a458d2a49c48e2ef7d0a9517714338c2"></a><script async src="//cdn.iframe.ly/embed.js" charset="utf-8"></script></div><blockquote class="instagram-media" data-instgrm-captioned data-instgrm-version="7" style=" background:#FFF; border:0; border-radius:3px; box-shadow:0 0 1px 0 rgba(0,0,0,0.5),0 1px 10px 0 rgba(0,0,0,0.15); margin: 1px; max-width:658px; padding:0; width:99.375%; width:-webkit-calc(100% - 2px); width:calc(100% - 2px);"><div style="padding:8px;"> <div style=" background:#F8F8F8; line-height:0; margin-top:40px; padding:37.5% 0; text-align:center; width:100%;"> <div style=" background:url(data:image/png;base64,iVBORw0KGgoAAAANSUhEUgAAACwAAAAsCAMAAAApWqozAAAABGdBTUEAALGPC/xhBQAAAAFzUkdCAK7OHOkAAAAMUExURczMzPf399fX1+bm5mzY9AMAAADiSURBVDjLvZXbEsMgCES5/P8/t9FuRVCRmU73JWlzosgSIIZURCjo/ad+EQJJB4Hv8BFt+IDpQoCx1wjOSBFhh2XssxEIYn3ulI/6MNReE07UIWJEv8UEOWDS88LY97kqyTliJKKtuYBbruAyVh5wOHiXmpi5we58Ek028czwyuQdLKPG1Bkb4NnM+VeAnfHqn1k4+GPT6uGQcvu2h2OVuIf/gWUFyy8OWEpdyZSa3aVCqpVoVvzZZ2VTnn2wU8qzVjDDetO90GSy9mVLqtgYSy231MxrY6I2gGqjrTY0L8fxCxfCBbhWrsYYAAAAAElFTkSuQmCC); display:block; height:44px; margin:0 auto -44px; position:relative; top:-22px; width:44px;"></div></div> <p style=" margin:8px 0 0 0; padding:0 4px;"> <a href="https://www.instagram.com/p/BUcICJTgtV2/" style=" color:#000; font-family:Arial,sans-serif; font-size:14px; font-style:normal; font-weight:normal; line-height:17px; text-decoration:none; word-wrap:break-word;" target="_blank">@rsg_offroad has me thinking about 40&#39;s ðŸ¤¤ .Â  @ridet4r has me thinking about a teardrop trailer. ðŸ¤”ðŸ¤” WWJD ðŸ¤”ðŸ¤” #40s #moabtrail #hellsrevenge Thanks for the pic @chaseoverland Sorry for erasing you @cjturnbulls â—‡ Copyâœ” Pasteâœ” #Clone Brushâœ” A third graders guide to #photoshop â™¢ â™¢ â™¢ #c4fab #hidextra #adventuremobile #adventuregear #adventuretime #getoutthere #toyota #instavideo #videogram</a></p> <p style=" color:#c9c8cd; font-family:Arial,sans-serif; font-size:14px; line-height:17px; margin-bottom:0; margin-top:8px; overflow:hidden; padding:8px 0 7px; text-align:center; text-overflow:ellipsis; white-space:nowrap;">A post shared by Cory Mikkelson (@mikksup) on <time style=" font-family:Arial,sans-serif; font-size:14px; line-height:17px;" datetime="2017-05-23T15:13:04+00:00">May 23, 2017 at 8:13am PDT</time></p></div></blockquote>\n<script async defer src="//platform.instagram.com/en_US/embeds.js"></script><div class="wrapper-wide">\n                    \n            <div class="wrapper-video">\n                <iframe src="http://www.youtube.com/embed/_g-dyXWUov8" width="800" height="450" frameborder="0" allowfullscreen=""></iframe>\n            </div>\n\n            </div><div><div style="left: 0; width: 100%; height: 0; position: relative; padding-bottom: 45.6246%;"><iframe src="//cdn.iframe.ly/api/iframe?url=https%3A%2F%2Fvimeo.com%2F218597363&amp;key=a458d2a49c48e2ef7d0a9517714338c2" style="border: 0; top: 0; left: 0; width: 100%; height: 100%; position: absolute;" allowfullscreen scrolling="no"></iframe></div></div><div><div style="left: 0; width: 100%; height: 0; position: relative; padding-bottom: 62.0309%;"><iframe src="//cdn.iframe.ly/api/iframe?url=http%3A%2F%2Fcoub.com%2Fview%2Fu6lkx&amp;key=a458d2a49c48e2ef7d0a9517714338c2" style="border: 0; top: 0; left: 0; width: 100%; height: 100%; position: absolute;" allowfullscreen scrolling="no"></iframe></div></div><div style="max-width: 100vh;"><div style="left: 0; width: 100%; height: 0; position: relative; padding-bottom: 100%;"><iframe src="//cdn.iframe.ly/api/iframe?url=https%3A%2F%2Fvine.co%2Fv%2Fiw9lpU2mLF2&amp;key=a458d2a49c48e2ef7d0a9517714338c2" style="border: 0; top: 0; left: 0; width: 100%; height: 100%; position: absolute;" allowfullscreen></iframe></div></div><div><div style="left: 0; width: 100%; height: 0; position: relative; padding-bottom: 56.9444%;"><iframe src="//cdn.iframe.ly/api/iframe?url=https%3A%2F%2Fvk.com%2Fvideo%3Fz%3Dvideo-97836961_456243786&amp;key=a458d2a49c48e2ef7d0a9517714338c2" style="border: 0; top: 0; left: 0; width: 100%; height: 100%; position: absolute;" allowfullscreen scrolling="no"></iframe></div></div>', 1, '10-luchshe-chem-otpechatok-palca', '2017-05-25 07:55:24', 10, 'article', 147, '', '/', 0, '0', 0),
(118, 'Ð’Ð¸Ð´ÐµÐ¾ Ð¿Ñ€ÐµÐ²ÑŒÑŽ', '<p>Ñ‚ÐµÐºÑÑ‚</p>', '<p>Ñ‚ÐµÐºÑÑ‚</p><div class="wrapper-wide">\n                    \n            <div class="wrapper-video">\n                <iframe src="http://www.youtube.com/embed/lyzTlM2uRQU" width="800" height="450" frameborder="0" allowfullscreen=""></iframe>\n            </div>\n\n            </div>', 1, '5-video-prevu', '2017-06-09 13:00:38', 5, 'video', 30, '', '0', 0, '<div class="wrapper-wide">\n                    \n            <div class="wrapper-video">\n                <iframe src="http://www.youtube.com/embed/lyzTlM2uRQU" width="800" height="450" frameborder="0" allowfullscreen=""></iframe>\n            </div>\n\n      ', 0),
(119, 'Ð¿Ñ€ÐµÐ²ÑŒÑŽ Ñ„Ð¾Ñ‚Ð¾', '<p>Ñ‚ÐµÑ‚ÑÑ‚</p>', '<p>Ñ‚ÐµÑ‚ÑÑ‚</p><div class="wrapper-image">\n        <div class="wrapper-label">\n            <div class="wrapper-wide">\n                                            <a href="/img/downloads/68d25ee892835f.jpg" class="fancybox">\n                            <img src="/img/downloads/68d25ee892835f.jpg" width="100%">\n                        </a>\n            </div>\n                            <span></span>\n        </div>\n    </div>', 1, '5-prevu-foto', '2017-06-12 10:15:45', 5, 'article', 13, '', '//img/downloads/68d25ee892835f.jpg', 0, '0', 0),
(120, 'Ð¿Ñ€ÐµÐ²ÑŒÑŽ Ñ€Ð°Ð±Ð¾Ñ‚Ð°ÐµÑ‚', '<p>Ð½ÑƒÐ¶Ð½Ð¾ ÑƒÐ±Ñ€Ð°Ñ‚ÑŒ Ð¾Ð´Ð¸Ð½ ÑÐ»ÐµÑˆ</p><p> //img/downloads/68d25ee892835f.jpg</p><p> Ð¸ Ð²ÑÐµ Ð±ÑƒÐ´ÐµÑ‚ Ð½Ð¾Ñ€Ð¼ Ñ Ñ„Ð¾Ñ‚Ð¾ <br></p>', '<p>Ð½ÑƒÐ¶Ð½Ð¾ ÑƒÐ±Ñ€Ð°Ñ‚ÑŒ Ð¾Ð´Ð¸Ð½ ÑÐ»ÐµÑˆ</p><p> //img/downloads/68d25ee892835f.jpg</p><p> Ð¸ Ð²ÑÐµ Ð±ÑƒÐ´ÐµÑ‚ Ð½Ð¾Ñ€Ð¼ Ñ Ñ„Ð¾Ñ‚Ð¾ <br></p>', 0, '5-prevu-rabotaet', '2017-06-12 10:18:34', 5, 'article', 24, '', '0', 0, '0', 0),
(121, 'ÑÑÑ‹Ð»ÐºÐ°', '<p>111</p>', '<p>111</p><div class="b-article__link">\n                <a href="https://tjournal.ru/redirect?url=https://tjournal.ru/45244-za-sutki-pravom-evropeiskogo-bezviza-vospolzovalos-1894-ukrainca" target="_blank"><i class="icon-link"></i><span><u>https://tjournal.ru/45244-za-sutki-pravom-evropeiskogo-bezviza-vospolzovalos-1894-ukrainca</u></span></a>\n            </div>', 1, '5-ssilka', '2017-06-12 11:20:36', 5, 'article', 20, '', '0', 0, '0', 0),
(122, 'Ð²Ð¸Ð´ ÑÑÑ‹Ð»ÐºÐ¸', '<p>111</p>', '<p>111</p><div class="b-article__link">\n                <a href="https://tjournal.ru/redirect?url=https://tjournal.ru/45245-pryamaya-translyaciya-akcii-protesta-12-iunya" target="_blank"><i class="icon-link"></i><span><u>https://tjournal.ru/45245-pryamaya-translyaciya-akcii-protesta-12-iunya</u></span></a>\n            </div>', 0, '6-vid-ssilki', '2017-06-12 13:25:07', 6, 'article', 115, '', '0', 0, '0', 0);

-- --------------------------------------------------------

--
-- Table structure for table `news_dislikes`
--

CREATE TABLE `news_dislikes` (
  `id` int(11) NOT NULL,
  `news_id` int(11) NOT NULL,
  `user_id` int(11) NOT NULL
) ENGINE=MyISAM DEFAULT CHARSET=utf8;

--
-- Dumping data for table `news_dislikes`
--

INSERT INTO `news_dislikes` (`id`, `news_id`, `user_id`) VALUES
(4, 19, 9),
(8, 36, 7),
(44, 46, 23),
(11, 40, 7),
(12, 11, 8),
(18, 21, 8),
(21, 43, 7),
(23, 38, 7),
(26, 45, 9),
(31, 10, 7),
(32, 9, 7),
(143, 114, 6),
(131, 115, 1),
(121, 114, 1),
(151, 121, 10),
(114, 110, 7),
(144, 115, 6),
(110, 105, 6),
(61, 10, 5),
(60, 9, 5),
(64, 27, 5),
(65, 7, 5),
(66, 88, 5),
(94, 104, 5),
(72, 89, 5),
(76, 16, 8),
(80, 107, 8),
(79, 103, 8),
(81, 17, 8),
(82, 107, 9),
(85, 105, 9),
(86, 103, 9),
(87, 102, 9),
(88, 101, 9),
(89, 100, 9),
(93, 6, 9),
(100, 6, 22),
(99, 6, 13),
(101, 6, 14),
(153, 111, 10),
(156, 10, 6),
(157, 9, 6),
(158, 7, 6),
(159, 14, 6),
(160, 46, 6);

-- --------------------------------------------------------

--
-- Table structure for table `news_likes`
--

CREATE TABLE `news_likes` (
  `id` int(11) NOT NULL,
  `news_id` int(11) NOT NULL,
  `user_id` int(11) NOT NULL
) ENGINE=MyISAM DEFAULT CHARSET=utf8;

--
-- Dumping data for table `news_likes`
--

INSERT INTO `news_likes` (`id`, `news_id`, `user_id`) VALUES
(138, 11, 1),
(22, 26, 7),
(7, 21, 9),
(8, 20, 9),
(40, 18, 9),
(12, 34, 7),
(25, 37, 8),
(21, 37, 7),
(15, 19, 7),
(16, 16, 7),
(17, 15, 7),
(18, 5, 7),
(119, 37, 9),
(20, 16, 9),
(23, 8, 7),
(35, 42, 7),
(36, 41, 7),
(118, 11, 9),
(39, 17, 9),
(41, 40, 9),
(44, 43, 9),
(43, 44, 9),
(62, 11, 22),
(57, 11, 7),
(58, 37, 18),
(59, 70, 18),
(60, 76, 22),
(61, 11, 23),
(63, 19, 23),
(64, 93, 24),
(65, 11, 4),
(67, 23, 5),
(102, 103, 6),
(70, 42, 5),
(71, 43, 5),
(73, 48, 5),
(144, 104, 6),
(75, 98, 5),
(77, 94, 5),
(78, 93, 5),
(79, 92, 5),
(80, 91, 5),
(81, 87, 5),
(82, 86, 5),
(83, 85, 5),
(84, 84, 5),
(85, 83, 5),
(86, 82, 5),
(87, 81, 5),
(88, 80, 5),
(89, 79, 5),
(90, 78, 5),
(91, 77, 5),
(92, 76, 5),
(93, 75, 5),
(94, 73, 5),
(95, 74, 5),
(105, 6, 5),
(98, 17, 6),
(99, 100, 6),
(190, 11, 10),
(101, 37, 6),
(106, 40, 5),
(142, 107, 6),
(125, 108, 6),
(124, 106, 5),
(126, 16, 6),
(128, 40, 6),
(180, 118, 6),
(175, 113, 6),
(187, 115, 10),
(189, 105, 10),
(179, 116, 6),
(185, 117, 6),
(193, 13, 6),
(194, 22, 6),
(195, 24, 6),
(205, 11, 6),
(201, 120, 6),
(203, 119, 6),
(206, 121, 6);

-- --------------------------------------------------------

--
-- Table structure for table `news_watched`
--

CREATE TABLE `news_watched` (
  `id` int(11) NOT NULL,
  `user_id` int(11) NOT NULL,
  `count_view` int(11) NOT NULL
) ENGINE=MyISAM DEFAULT CHARSET=utf8;

--
-- Dumping data for table `news_watched`
--

INSERT INTO `news_watched` (`id`, `user_id`, `count_view`) VALUES
(11, 17, 0),
(10, 7, 36),
(9, 8, 33);

-- --------------------------------------------------------

--
-- Table structure for table `one_news_watched`
--

CREATE TABLE `one_news_watched` (
  `id` int(11) NOT NULL,
  `news_id` int(11) NOT NULL,
  `user_id` int(11) NOT NULL
) ENGINE=MyISAM DEFAULT CHARSET=utf8;

--
-- Dumping data for table `one_news_watched`
--

INSERT INTO `one_news_watched` (`id`, `news_id`, `user_id`) VALUES
(1, 41, 8),
(2, 6, 8),
(3, 7, 8),
(4, 5, 8),
(5, 8, 8),
(6, 9, 8),
(7, 10, 8),
(8, 11, 8),
(9, 12, 8),
(10, 13, 8),
(11, 14, 8),
(12, 15, 8),
(13, 16, 8),
(14, 17, 8),
(15, 18, 8),
(40, 19, 8),
(17, 20, 8),
(18, 21, 8),
(19, 22, 8),
(20, 23, 8),
(21, 24, 8),
(22, 25, 8),
(23, 26, 8),
(24, 27, 8),
(25, 28, 8),
(26, 29, 8),
(27, 30, 8),
(28, 31, 8),
(29, 32, 8),
(30, 33, 8),
(31, 34, 8),
(32, 35, 8),
(33, 36, 8),
(34, 37, 8),
(35, 38, 8),
(36, 39, 8),
(37, 40, 8),
(38, 42, 8),
(41, 6, 9),
(42, 7, 9),
(43, 5, 9),
(44, 8, 9),
(45, 9, 9),
(46, 10, 9),
(47, 11, 9),
(48, 12, 9),
(49, 13, 9),
(50, 14, 9),
(51, 15, 9),
(52, 16, 9),
(53, 17, 9),
(54, 18, 9),
(55, 19, 9),
(56, 20, 9),
(57, 21, 9),
(58, 22, 9),
(59, 23, 9),
(60, 24, 9),
(61, 25, 9),
(62, 26, 9),
(63, 27, 9),
(64, 28, 9),
(65, 29, 9),
(66, 30, 9),
(67, 31, 9),
(68, 32, 9),
(69, 33, 9),
(70, 34, 9),
(71, 35, 9),
(72, 36, 9),
(73, 37, 9),
(74, 38, 9),
(75, 39, 9),
(76, 40, 9),
(77, 41, 9),
(78, 42, 9),
(79, 43, 9),
(80, 6, 7),
(81, 7, 7),
(82, 5, 7),
(83, 8, 7),
(84, 9, 7),
(85, 10, 7),
(86, 11, 7),
(87, 12, 7),
(88, 13, 7),
(89, 14, 7),
(90, 15, 7),
(91, 16, 7),
(92, 17, 7),
(93, 18, 7),
(94, 19, 7),
(95, 20, 7),
(96, 21, 7),
(97, 22, 7),
(98, 23, 7),
(99, 24, 7),
(100, 25, 7),
(101, 26, 7),
(102, 27, 7),
(103, 28, 7),
(104, 29, 7),
(105, 30, 7),
(106, 31, 7),
(107, 32, 7),
(108, 33, 7),
(109, 34, 7),
(110, 35, 7),
(111, 36, 7),
(112, 37, 7),
(113, 38, 7),
(114, 39, 7),
(115, 40, 7),
(116, 41, 7),
(117, 42, 7),
(118, 43, 7),
(119, 44, 7),
(120, 45, 7),
(121, 44, 9),
(122, 45, 9),
(123, 43, 8),
(124, 44, 8),
(125, 45, 8),
(126, 46, 7),
(127, 18, 18),
(128, 6, 18),
(129, 7, 18),
(130, 5, 18),
(131, 8, 18),
(132, 9, 18),
(133, 10, 18),
(134, 11, 18),
(135, 12, 18),
(136, 13, 18),
(137, 14, 18),
(138, 15, 18),
(139, 16, 18),
(140, 17, 18),
(141, 19, 18),
(142, 46, 18),
(143, 21, 18),
(144, 22, 18),
(145, 23, 18),
(146, 24, 18),
(147, 25, 18),
(148, 26, 18),
(149, 27, 18),
(150, 28, 18),
(151, 29, 18),
(152, 30, 18),
(153, 31, 18),
(154, 32, 18),
(155, 33, 18),
(156, 34, 18),
(157, 35, 18),
(158, 36, 18),
(159, 37, 18),
(160, 38, 18),
(161, 39, 18),
(162, 40, 18),
(163, 41, 18),
(164, 42, 18),
(165, 43, 18),
(166, 44, 18),
(167, 45, 18),
(168, 6, 20),
(169, 7, 20),
(170, 5, 20),
(171, 8, 20),
(172, 9, 20),
(173, 10, 20),
(174, 11, 20),
(175, 12, 20),
(176, 13, 20),
(177, 14, 20),
(178, 15, 20),
(179, 16, 20),
(180, 17, 20),
(181, 18, 20),
(182, 19, 20),
(183, 46, 20),
(184, 21, 20),
(185, 22, 20),
(186, 23, 20),
(187, 24, 20),
(188, 25, 20),
(189, 26, 20),
(190, 27, 20),
(191, 28, 20),
(192, 29, 20),
(193, 30, 20),
(194, 31, 20),
(195, 32, 20),
(196, 33, 20),
(197, 34, 20),
(198, 35, 20),
(199, 36, 20),
(200, 37, 20),
(201, 38, 20),
(202, 39, 20),
(203, 40, 20),
(204, 41, 20),
(205, 42, 20),
(206, 43, 20),
(207, 44, 20),
(208, 45, 20),
(209, 6, 21),
(210, 7, 21),
(211, 5, 21),
(212, 8, 21),
(213, 9, 21),
(214, 10, 21),
(215, 11, 21),
(216, 12, 21),
(217, 13, 21),
(218, 14, 21),
(219, 15, 21),
(220, 16, 21),
(221, 17, 21),
(222, 18, 21),
(223, 19, 21),
(224, 46, 21),
(225, 21, 21),
(226, 22, 21),
(227, 23, 21),
(228, 24, 21),
(229, 25, 21),
(230, 26, 21),
(231, 27, 21),
(232, 28, 21),
(233, 29, 21),
(234, 30, 21),
(235, 31, 21),
(236, 32, 21),
(237, 33, 21),
(238, 34, 21),
(239, 35, 21),
(240, 36, 21),
(241, 37, 21),
(242, 38, 21),
(243, 39, 21),
(244, 40, 21),
(245, 41, 21),
(246, 42, 21),
(247, 43, 21),
(248, 44, 21),
(249, 45, 21),
(250, 6, 22),
(251, 7, 22),
(252, 5, 22),
(253, 8, 22),
(254, 9, 22),
(255, 10, 22),
(256, 11, 22),
(257, 12, 22),
(258, 13, 22),
(259, 14, 22),
(260, 15, 22),
(261, 16, 22),
(262, 17, 22),
(263, 18, 22),
(264, 19, 22),
(265, 46, 22),
(266, 21, 22),
(267, 22, 22),
(268, 23, 22),
(269, 24, 22),
(270, 25, 22),
(271, 26, 22),
(272, 27, 22),
(273, 28, 22),
(274, 29, 22),
(275, 30, 22),
(276, 31, 22),
(277, 32, 22),
(278, 33, 22),
(279, 34, 22),
(280, 35, 22),
(281, 36, 22),
(282, 37, 22),
(283, 38, 22),
(284, 39, 22),
(285, 40, 22),
(286, 41, 22),
(287, 42, 22),
(288, 43, 22),
(289, 44, 22),
(290, 45, 22),
(291, 6, 23),
(292, 7, 23),
(293, 5, 23),
(294, 8, 23),
(295, 9, 23),
(296, 10, 23),
(297, 11, 23),
(298, 12, 23),
(299, 13, 23),
(300, 14, 23),
(301, 15, 23),
(302, 16, 23),
(303, 17, 23),
(304, 18, 23),
(305, 19, 23),
(306, 46, 23),
(307, 21, 23),
(308, 22, 23),
(309, 23, 23),
(310, 24, 23),
(311, 25, 23),
(312, 26, 23),
(313, 27, 23),
(314, 28, 23),
(315, 29, 23),
(316, 30, 23),
(317, 31, 23),
(318, 32, 23),
(319, 33, 23),
(320, 34, 23),
(321, 35, 23),
(322, 36, 23),
(323, 37, 23),
(324, 38, 23),
(325, 39, 23),
(326, 40, 23),
(327, 41, 23),
(328, 42, 23),
(329, 43, 23),
(330, 44, 23),
(331, 45, 23),
(332, 46, 9),
(333, 46, 8),
(334, 49, 8),
(335, 47, 8),
(336, 48, 8),
(337, 50, 8),
(338, 51, 8),
(339, 52, 8),
(340, 53, 8),
(341, 54, 8),
(342, 55, 8),
(343, 56, 8),
(344, 58, 8),
(345, 57, 8),
(346, 59, 8),
(347, 60, 8),
(348, 61, 8),
(349, 62, 8),
(350, 64, 8),
(351, 65, 8),
(352, 66, 8),
(353, 47, 7),
(354, 48, 7),
(355, 49, 7),
(356, 50, 7),
(357, 51, 7),
(358, 52, 7),
(359, 53, 7),
(360, 54, 7),
(361, 55, 7),
(362, 56, 7),
(363, 57, 7),
(364, 58, 7),
(365, 59, 7),
(366, 60, 7),
(367, 61, 7),
(368, 62, 7),
(369, 63, 7),
(370, 64, 7),
(371, 65, 7),
(372, 66, 7),
(373, 47, 22),
(374, 48, 22),
(375, 49, 22),
(376, 50, 22),
(377, 51, 22),
(378, 52, 22),
(379, 53, 22),
(380, 54, 22),
(381, 55, 22),
(382, 56, 22),
(383, 57, 22),
(384, 58, 22),
(385, 59, 22),
(386, 60, 22),
(387, 61, 22),
(388, 62, 22),
(389, 63, 22),
(390, 64, 22),
(391, 65, 22),
(392, 66, 22),
(393, 47, 23),
(394, 48, 23),
(395, 49, 23),
(396, 50, 23),
(397, 51, 23),
(398, 52, 23),
(399, 53, 23),
(400, 54, 23),
(401, 55, 23),
(402, 56, 23),
(403, 57, 23),
(404, 58, 23),
(405, 59, 23),
(406, 60, 23),
(407, 61, 23),
(408, 62, 23),
(409, 63, 23),
(410, 64, 23),
(411, 65, 23),
(412, 66, 23),
(413, 47, 18),
(414, 48, 18),
(415, 49, 18),
(416, 50, 18),
(417, 51, 18),
(418, 52, 18),
(419, 53, 18),
(420, 54, 18),
(421, 55, 18),
(422, 56, 18),
(423, 57, 18),
(424, 58, 18),
(425, 59, 18),
(426, 60, 18),
(427, 61, 18),
(428, 62, 18),
(429, 63, 18),
(430, 64, 18),
(431, 65, 18),
(432, 66, 18),
(433, 67, 23),
(434, 68, 23),
(435, 69, 23),
(436, 70, 23),
(437, 70, 9),
(438, 67, 18),
(439, 68, 18),
(440, 69, 18),
(441, 70, 18),
(442, 47, 9),
(443, 48, 9),
(444, 49, 9),
(445, 50, 9),
(446, 51, 9),
(447, 52, 9),
(448, 53, 9),
(449, 54, 9),
(450, 55, 9),
(451, 56, 9),
(452, 57, 9),
(453, 58, 9),
(454, 59, 9),
(455, 60, 9),
(456, 61, 9),
(457, 62, 9),
(458, 63, 9),
(459, 64, 9),
(460, 65, 9),
(461, 66, 9),
(462, 67, 9),
(463, 68, 9),
(464, 69, 9),
(465, 71, 18),
(466, 67, 22),
(467, 68, 22),
(468, 69, 22),
(469, 70, 22),
(470, 71, 22),
(471, 72, 22),
(472, 73, 22),
(473, 74, 22),
(474, 75, 22),
(475, 76, 22),
(476, 77, 22),
(477, 72, 18),
(478, 73, 18),
(479, 74, 18),
(480, 75, 18),
(481, 76, 18),
(482, 77, 18),
(483, 67, 7),
(484, 68, 7),
(485, 69, 7),
(486, 70, 7),
(487, 71, 7),
(488, 72, 7),
(489, 73, 7),
(490, 74, 7),
(491, 75, 7),
(492, 76, 7),
(493, 77, 7),
(494, 71, 23),
(495, 72, 23),
(496, 73, 23),
(497, 74, 23),
(498, 75, 23),
(499, 76, 23),
(500, 77, 23),
(501, 78, 23),
(502, 63, 8),
(503, 67, 8),
(504, 68, 8),
(505, 69, 8),
(506, 70, 8),
(507, 71, 8),
(508, 72, 8),
(509, 73, 8),
(510, 74, 8),
(511, 75, 8),
(512, 76, 8),
(513, 77, 8),
(514, 78, 8),
(515, 79, 8),
(516, 80, 8),
(517, 81, 8),
(518, 82, 8),
(519, 83, 8),
(520, 84, 8),
(521, 85, 8),
(522, 86, 8),
(523, 87, 8),
(524, 88, 8),
(525, 79, 23),
(526, 80, 23),
(527, 81, 23),
(528, 82, 23),
(529, 83, 23),
(530, 84, 23),
(531, 85, 23),
(532, 86, 23),
(533, 87, 23),
(534, 88, 23),
(535, 89, 8),
(536, 90, 8),
(537, 91, 8),
(538, 92, 8),
(539, 93, 8),
(540, 89, 23),
(541, 90, 23),
(542, 91, 23),
(543, 92, 23),
(544, 93, 23),
(545, 71, 9),
(546, 72, 9),
(547, 73, 9),
(548, 74, 9),
(549, 75, 9),
(550, 76, 9),
(551, 77, 9),
(552, 78, 9),
(553, 79, 9),
(554, 80, 9),
(555, 81, 9),
(556, 82, 9),
(557, 83, 9),
(558, 84, 9),
(559, 85, 9),
(560, 86, 9),
(561, 87, 9),
(562, 88, 9),
(563, 89, 9),
(564, 90, 9),
(565, 91, 9),
(566, 92, 9),
(567, 93, 9),
(568, 78, 22),
(569, 79, 22),
(570, 80, 22),
(571, 81, 22),
(572, 82, 22),
(573, 83, 22),
(574, 84, 22),
(575, 85, 22),
(576, 86, 22),
(577, 87, 22),
(578, 88, 22),
(579, 89, 22),
(580, 90, 22),
(581, 91, 22),
(582, 92, 22),
(583, 93, 22),
(584, 6, 24),
(585, 7, 24),
(586, 5, 24),
(587, 8, 24),
(588, 9, 24),
(589, 10, 24),
(590, 11, 24),
(591, 12, 24),
(592, 13, 24),
(593, 14, 24),
(594, 15, 24),
(595, 16, 24),
(596, 17, 24),
(597, 18, 24),
(598, 19, 24),
(599, 46, 24),
(600, 47, 24),
(601, 21, 24),
(602, 22, 24),
(603, 23, 24),
(604, 24, 24),
(605, 25, 24),
(606, 26, 24),
(607, 27, 24),
(608, 28, 24),
(609, 29, 24),
(610, 30, 24),
(611, 31, 24),
(612, 32, 24),
(613, 33, 24),
(614, 34, 24),
(615, 35, 24),
(616, 36, 24),
(617, 37, 24),
(618, 38, 24),
(619, 39, 24),
(620, 40, 24),
(621, 41, 24),
(622, 42, 24),
(623, 43, 24),
(624, 44, 24),
(625, 45, 24),
(626, 48, 24),
(627, 49, 24),
(628, 50, 24),
(629, 51, 24),
(630, 52, 24),
(631, 53, 24),
(632, 54, 24),
(633, 55, 24),
(634, 56, 24),
(635, 57, 24),
(636, 58, 24),
(637, 59, 24),
(638, 60, 24),
(639, 61, 24),
(640, 62, 24),
(641, 63, 24),
(642, 64, 24),
(643, 65, 24),
(644, 66, 24),
(645, 67, 24),
(646, 68, 24),
(647, 69, 24),
(648, 70, 24),
(649, 71, 24),
(650, 72, 24),
(651, 73, 24),
(652, 74, 24),
(653, 75, 24),
(654, 76, 24),
(655, 77, 24),
(656, 78, 24),
(657, 79, 24),
(658, 80, 24),
(659, 81, 24),
(660, 82, 24),
(661, 83, 24),
(662, 84, 24),
(663, 85, 24),
(664, 86, 24),
(665, 87, 24),
(666, 88, 24),
(667, 89, 24),
(668, 90, 24),
(669, 91, 24),
(670, 92, 24),
(671, 93, 24),
(672, 78, 18),
(673, 79, 18),
(674, 80, 18),
(675, 81, 18),
(676, 82, 18),
(677, 83, 18),
(678, 84, 18),
(679, 85, 18),
(680, 86, 18),
(681, 87, 18),
(682, 88, 18),
(683, 89, 18),
(684, 90, 18),
(685, 91, 18),
(686, 92, 18),
(687, 93, 18),
(688, 94, 18),
(689, 94, 24),
(690, 94, 22),
(691, 6, 2),
(692, 7, 2),
(693, 5, 2),
(694, 8, 2),
(695, 9, 2),
(696, 10, 2),
(697, 11, 2),
(698, 12, 2),
(699, 13, 2),
(700, 14, 2),
(701, 15, 2),
(702, 16, 2),
(703, 17, 2),
(704, 18, 2),
(705, 19, 2),
(706, 46, 2),
(707, 47, 2),
(708, 21, 2),
(709, 22, 2),
(710, 23, 2),
(711, 24, 2),
(712, 25, 2),
(713, 26, 2),
(714, 27, 2),
(715, 28, 2),
(716, 29, 2),
(717, 30, 2),
(718, 31, 2),
(719, 32, 2),
(720, 33, 2),
(721, 34, 2),
(722, 35, 2),
(723, 36, 2),
(724, 37, 2),
(725, 38, 2),
(726, 39, 2),
(727, 40, 2),
(728, 41, 2),
(729, 42, 2),
(730, 43, 2),
(731, 44, 2),
(732, 45, 2),
(733, 48, 2),
(734, 49, 2),
(735, 50, 2),
(736, 51, 2),
(737, 52, 2),
(738, 53, 2),
(739, 54, 2),
(740, 55, 2),
(741, 56, 2),
(742, 57, 2),
(743, 58, 2),
(744, 59, 2),
(745, 60, 2),
(746, 61, 2),
(747, 62, 2),
(748, 63, 2),
(749, 64, 2),
(750, 65, 2),
(751, 66, 2),
(752, 67, 2),
(753, 68, 2),
(754, 69, 2),
(755, 70, 2),
(756, 71, 2),
(757, 72, 2),
(758, 73, 2),
(759, 74, 2),
(760, 75, 2),
(761, 76, 2),
(762, 77, 2),
(763, 78, 2),
(764, 79, 2),
(765, 80, 2),
(766, 81, 2),
(767, 82, 2),
(768, 83, 2),
(769, 84, 2),
(770, 85, 2),
(771, 86, 2),
(772, 87, 2),
(773, 88, 2),
(774, 89, 2),
(775, 90, 2),
(776, 91, 2),
(777, 92, 2),
(778, 93, 2),
(779, 94, 2),
(780, 6, 3),
(781, 7, 3),
(782, 5, 3),
(783, 8, 3),
(784, 9, 3),
(785, 10, 3),
(786, 11, 3),
(787, 12, 3),
(788, 13, 3),
(789, 14, 3),
(790, 15, 3),
(791, 16, 3),
(792, 17, 3),
(793, 18, 3),
(794, 19, 3),
(795, 46, 3),
(796, 47, 3),
(797, 21, 3),
(798, 22, 3),
(799, 23, 3),
(800, 24, 3),
(801, 25, 3),
(802, 26, 3),
(803, 27, 3),
(804, 28, 3),
(805, 29, 3),
(806, 30, 3),
(807, 31, 3),
(808, 32, 3),
(809, 33, 3),
(810, 34, 3),
(811, 35, 3),
(812, 36, 3),
(813, 37, 3),
(814, 38, 3),
(815, 39, 3),
(816, 40, 3),
(817, 41, 3),
(818, 42, 3),
(819, 43, 3),
(820, 44, 3),
(821, 45, 3),
(822, 48, 3),
(823, 49, 3),
(824, 50, 3),
(825, 51, 3),
(826, 52, 3),
(827, 53, 3),
(828, 54, 3),
(829, 55, 3),
(830, 56, 3),
(831, 57, 3),
(832, 58, 3),
(833, 59, 3),
(834, 60, 3),
(835, 61, 3),
(836, 62, 3),
(837, 63, 3),
(838, 64, 3),
(839, 65, 3),
(840, 66, 3),
(841, 67, 3),
(842, 68, 3),
(843, 69, 3),
(844, 70, 3),
(845, 71, 3),
(846, 72, 3),
(847, 73, 3),
(848, 74, 3),
(849, 75, 3),
(850, 76, 3),
(851, 77, 3),
(852, 78, 3),
(853, 79, 3),
(854, 80, 3),
(855, 81, 3),
(856, 82, 3),
(857, 83, 3),
(858, 84, 3),
(859, 85, 3),
(860, 86, 3),
(861, 87, 3),
(862, 88, 3),
(863, 89, 3),
(864, 90, 3),
(865, 91, 3),
(866, 92, 3),
(867, 93, 3),
(868, 94, 3),
(869, 6, 4),
(870, 7, 4),
(871, 5, 4),
(872, 8, 4),
(873, 9, 4),
(874, 10, 4),
(875, 11, 4),
(876, 12, 4),
(877, 13, 4),
(878, 14, 4),
(879, 15, 4),
(880, 16, 4),
(881, 17, 4),
(882, 18, 4),
(883, 19, 4),
(884, 46, 4),
(885, 47, 4),
(886, 21, 4),
(887, 22, 4),
(888, 23, 4),
(889, 24, 4),
(890, 25, 4),
(891, 26, 4),
(892, 27, 4),
(893, 28, 4),
(894, 29, 4),
(895, 30, 4),
(896, 31, 4),
(897, 32, 4),
(898, 33, 4),
(899, 34, 4),
(900, 35, 4),
(901, 36, 4),
(902, 37, 4),
(903, 38, 4),
(904, 39, 4),
(905, 40, 4),
(906, 41, 4),
(907, 42, 4),
(908, 43, 4),
(909, 44, 4),
(910, 45, 4),
(911, 48, 4),
(912, 49, 4),
(913, 50, 4),
(914, 51, 4),
(915, 52, 4),
(916, 53, 4),
(917, 54, 4),
(918, 55, 4),
(919, 56, 4),
(920, 57, 4),
(921, 58, 4),
(922, 59, 4),
(923, 60, 4),
(924, 61, 4),
(925, 62, 4),
(926, 63, 4),
(927, 64, 4),
(928, 65, 4),
(929, 66, 4),
(930, 67, 4),
(931, 68, 4),
(932, 69, 4),
(933, 70, 4),
(934, 71, 4),
(935, 72, 4),
(936, 73, 4),
(937, 74, 4),
(938, 75, 4),
(939, 76, 4),
(940, 77, 4),
(941, 78, 4),
(942, 79, 4),
(943, 80, 4),
(944, 81, 4),
(945, 82, 4),
(946, 83, 4),
(947, 84, 4),
(948, 85, 4),
(949, 86, 4),
(950, 87, 4),
(951, 88, 4),
(952, 89, 4),
(953, 90, 4),
(954, 91, 4),
(955, 92, 4),
(956, 93, 4),
(957, 94, 4),
(958, 6, 5),
(959, 7, 5),
(960, 5, 5),
(961, 8, 5),
(962, 9, 5),
(963, 10, 5),
(964, 11, 5),
(965, 12, 5),
(966, 13, 5),
(967, 14, 5),
(968, 15, 5),
(969, 16, 5),
(970, 17, 5),
(971, 18, 5),
(972, 19, 5),
(973, 46, 5),
(974, 47, 5),
(975, 21, 5),
(976, 22, 5),
(977, 23, 5),
(978, 24, 5),
(979, 25, 5),
(980, 26, 5),
(981, 27, 5),
(982, 28, 5),
(983, 29, 5),
(984, 30, 5),
(985, 31, 5),
(986, 32, 5),
(987, 33, 5),
(988, 34, 5),
(989, 35, 5),
(990, 36, 5),
(991, 37, 5),
(992, 38, 5),
(993, 39, 5),
(994, 40, 5),
(995, 41, 5),
(996, 42, 5),
(997, 43, 5),
(998, 44, 5),
(999, 45, 5),
(1000, 48, 5),
(1001, 49, 5),
(1002, 50, 5),
(1003, 51, 5),
(1004, 52, 5),
(1005, 53, 5),
(1006, 54, 5),
(1007, 55, 5),
(1008, 56, 5),
(1009, 57, 5),
(1010, 58, 5),
(1011, 59, 5),
(1012, 60, 5),
(1013, 61, 5),
(1014, 62, 5),
(1015, 63, 5),
(1016, 64, 5),
(1017, 65, 5),
(1018, 66, 5),
(1019, 67, 5),
(1020, 68, 5),
(1021, 69, 5),
(1022, 70, 5),
(1023, 71, 5),
(1024, 72, 5),
(1025, 73, 5),
(1026, 74, 5),
(1027, 75, 5),
(1028, 76, 5),
(1029, 77, 5),
(1030, 78, 5),
(1031, 79, 5),
(1032, 80, 5),
(1033, 81, 5),
(1034, 82, 5),
(1035, 83, 5),
(1036, 84, 5),
(1037, 85, 5),
(1038, 86, 5),
(1039, 87, 5),
(1040, 88, 5),
(1041, 89, 5),
(1042, 90, 5),
(1043, 91, 5),
(1044, 92, 5),
(1045, 93, 5),
(1046, 94, 5),
(1047, 6, 6),
(1048, 7, 6),
(1049, 5, 6),
(1050, 8, 6),
(1051, 9, 6),
(1052, 10, 6),
(1053, 11, 6),
(1054, 12, 6),
(1055, 13, 6),
(1056, 14, 6),
(1057, 15, 6),
(1058, 16, 6),
(1059, 17, 6),
(1060, 18, 6),
(1061, 19, 6),
(1062, 46, 6),
(1063, 47, 6),
(1064, 21, 6),
(1065, 22, 6),
(1066, 23, 6),
(1067, 24, 6),
(1068, 25, 6),
(1069, 26, 6),
(1070, 27, 6),
(1071, 28, 6),
(1072, 29, 6),
(1073, 30, 6),
(1074, 31, 6),
(1075, 32, 6),
(1076, 33, 6),
(1077, 34, 6),
(1078, 35, 6),
(1079, 36, 6),
(1080, 37, 6),
(1081, 38, 6),
(1082, 39, 6),
(1083, 40, 6),
(1084, 41, 6),
(1085, 42, 6),
(1086, 43, 6),
(1087, 44, 6),
(1088, 45, 6),
(1089, 48, 6),
(1090, 49, 6),
(1091, 50, 6),
(1092, 51, 6),
(1093, 52, 6),
(1094, 53, 6),
(1095, 54, 6),
(1096, 55, 6),
(1097, 56, 6),
(1098, 57, 6),
(1099, 58, 6),
(1100, 59, 6),
(1101, 60, 6),
(1102, 61, 6),
(1103, 62, 6),
(1104, 63, 6),
(1105, 64, 6),
(1106, 65, 6),
(1107, 66, 6),
(1108, 67, 6),
(1109, 68, 6),
(1110, 69, 6),
(1111, 70, 6),
(1112, 71, 6),
(1113, 72, 6),
(1114, 73, 6),
(1115, 74, 6),
(1116, 75, 6),
(1117, 76, 6),
(1118, 77, 6),
(1119, 78, 6),
(1120, 79, 6),
(1121, 80, 6),
(1122, 81, 6),
(1123, 82, 6),
(1124, 83, 6),
(1125, 84, 6),
(1126, 85, 6),
(1127, 86, 6),
(1128, 87, 6),
(1129, 88, 6),
(1130, 89, 6),
(1131, 90, 6),
(1132, 91, 6),
(1133, 92, 6),
(1134, 93, 6),
(1135, 94, 6),
(1136, 78, 7),
(1137, 79, 7),
(1138, 80, 7),
(1139, 81, 7),
(1140, 82, 7),
(1141, 83, 7),
(1142, 84, 7),
(1143, 85, 7),
(1144, 86, 7),
(1145, 87, 7),
(1146, 88, 7),
(1147, 89, 7),
(1148, 90, 7),
(1149, 91, 7),
(1150, 92, 7),
(1151, 93, 7),
(1152, 94, 7),
(1153, 95, 7),
(1154, 96, 7),
(1155, 97, 7),
(1156, 98, 7),
(1157, 94, 9),
(1158, 98, 9),
(1159, 6, 1),
(1160, 7, 1),
(1161, 5, 1),
(1162, 8, 1),
(1163, 9, 1),
(1164, 10, 1),
(1165, 11, 1),
(1166, 12, 1),
(1167, 13, 1),
(1168, 14, 1),
(1169, 15, 1),
(1170, 16, 1),
(1171, 17, 1),
(1172, 18, 1),
(1173, 19, 1),
(1174, 46, 1),
(1175, 47, 1),
(1176, 21, 1),
(1177, 22, 1),
(1178, 23, 1),
(1179, 24, 1),
(1180, 25, 1),
(1181, 26, 1),
(1182, 27, 1),
(1183, 28, 1),
(1184, 29, 1),
(1185, 30, 1),
(1186, 31, 1),
(1187, 32, 1),
(1188, 33, 1),
(1189, 34, 1),
(1190, 35, 1),
(1191, 36, 1),
(1192, 37, 1),
(1193, 38, 1),
(1194, 39, 1),
(1195, 40, 1),
(1196, 41, 1),
(1197, 42, 1),
(1198, 43, 1),
(1199, 44, 1),
(1200, 45, 1),
(1201, 48, 1),
(1202, 49, 1),
(1203, 50, 1),
(1204, 51, 1),
(1205, 52, 1),
(1206, 53, 1),
(1207, 54, 1),
(1208, 55, 1),
(1209, 56, 1),
(1210, 57, 1),
(1211, 58, 1),
(1212, 59, 1),
(1213, 60, 1),
(1214, 61, 1),
(1215, 62, 1),
(1216, 63, 1),
(1217, 64, 1),
(1218, 65, 1),
(1219, 66, 1),
(1220, 67, 1),
(1221, 68, 1),
(1222, 69, 1),
(1223, 70, 1),
(1224, 71, 1),
(1225, 72, 1),
(1226, 73, 1),
(1227, 74, 1),
(1228, 75, 1),
(1229, 76, 1),
(1230, 77, 1),
(1231, 78, 1),
(1232, 79, 1),
(1233, 80, 1),
(1234, 81, 1),
(1235, 82, 1),
(1236, 83, 1),
(1237, 84, 1),
(1238, 85, 1),
(1239, 86, 1),
(1240, 87, 1),
(1241, 88, 1),
(1242, 89, 1),
(1243, 90, 1),
(1244, 91, 1),
(1245, 92, 1),
(1246, 93, 1),
(1247, 94, 1),
(1248, 98, 1),
(1249, 98, 2),
(1250, 98, 3),
(1251, 98, 5),
(1252, 99, 5),
(1253, 100, 5),
(1254, 99, 6),
(1255, 98, 6),
(1256, 100, 6),
(1257, 99, 1),
(1258, 100, 1),
(1259, 101, 5),
(1260, 102, 5),
(1261, 103, 5),
(1262, 102, 6),
(1263, 103, 6),
(1264, 101, 6),
(1265, 102, 1),
(1266, 103, 1),
(1267, 101, 1),
(1268, 104, 1),
(1269, 104, 7),
(1270, 102, 7),
(1271, 103, 7),
(1272, 100, 7),
(1273, 101, 7),
(1274, 104, 5),
(1275, 105, 1),
(1276, 106, 1),
(1277, 105, 5),
(1278, 106, 5),
(1279, 107, 5),
(1280, 94, 8),
(1281, 104, 8),
(1282, 98, 8),
(1283, 102, 8),
(1284, 103, 8),
(1285, 100, 8),
(1286, 101, 8),
(1287, 105, 8),
(1288, 106, 8),
(1289, 107, 8),
(1290, 104, 9),
(1291, 102, 9),
(1292, 103, 9),
(1293, 100, 9),
(1294, 101, 9),
(1295, 105, 9),
(1296, 106, 9),
(1297, 107, 9),
(1298, 104, 6),
(1299, 105, 6),
(1300, 106, 6),
(1301, 107, 6),
(1302, 108, 5),
(1303, 108, 6),
(1304, 109, 6),
(1305, 110, 6),
(1306, 111, 6),
(1307, 112, 6),
(1308, 109, 5),
(1309, 110, 5),
(1310, 111, 5),
(1311, 112, 5),
(1312, 113, 5),
(1313, 114, 5),
(1314, 113, 6),
(1315, 114, 6),
(1316, 107, 1),
(1317, 108, 1),
(1318, 109, 1),
(1319, 110, 1),
(1320, 111, 1),
(1321, 112, 1),
(1322, 113, 1),
(1323, 114, 1),
(1324, 105, 7),
(1325, 106, 7),
(1326, 107, 7),
(1327, 108, 7),
(1328, 109, 7),
(1329, 110, 7),
(1330, 111, 7),
(1331, 112, 7),
(1332, 113, 7),
(1333, 114, 7),
(1334, 104, 4),
(1335, 98, 4),
(1336, 102, 4),
(1337, 103, 4),
(1338, 100, 4),
(1339, 101, 4),
(1340, 105, 4),
(1341, 106, 4),
(1342, 107, 4),
(1343, 108, 4),
(1344, 109, 4),
(1345, 110, 4),
(1346, 111, 4),
(1347, 112, 4),
(1348, 113, 4),
(1349, 114, 4),
(1350, 115, 7),
(1351, 115, 5),
(1352, 115, 6),
(1353, 108, 9),
(1354, 109, 9),
(1355, 110, 9),
(1356, 111, 9),
(1357, 112, 9),
(1358, 113, 9),
(1359, 114, 9),
(1360, 115, 9),
(1361, 6, 10),
(1362, 7, 10),
(1363, 5, 10),
(1364, 8, 10),
(1365, 9, 10),
(1366, 10, 10),
(1367, 11, 10),
(1368, 12, 10),
(1369, 13, 10),
(1370, 14, 10),
(1371, 15, 10),
(1372, 16, 10),
(1373, 17, 10),
(1374, 18, 10),
(1375, 19, 10),
(1376, 46, 10),
(1377, 47, 10),
(1378, 21, 10),
(1379, 22, 10),
(1380, 23, 10),
(1381, 24, 10),
(1382, 25, 10),
(1383, 26, 10),
(1384, 27, 10),
(1385, 28, 10),
(1386, 29, 10),
(1387, 30, 10),
(1388, 31, 10),
(1389, 32, 10),
(1390, 33, 10),
(1391, 34, 10),
(1392, 35, 10),
(1393, 36, 10),
(1394, 37, 10),
(1395, 38, 10),
(1396, 39, 10),
(1397, 40, 10),
(1398, 41, 10),
(1399, 42, 10),
(1400, 43, 10),
(1401, 44, 10),
(1402, 45, 10),
(1403, 48, 10),
(1404, 49, 10),
(1405, 50, 10),
(1406, 51, 10),
(1407, 52, 10),
(1408, 53, 10),
(1409, 54, 10),
(1410, 55, 10),
(1411, 56, 10),
(1412, 57, 10),
(1413, 58, 10),
(1414, 59, 10),
(1415, 60, 10),
(1416, 61, 10),
(1417, 62, 10),
(1418, 63, 10),
(1419, 64, 10),
(1420, 65, 10),
(1421, 66, 10),
(1422, 67, 10),
(1423, 68, 10),
(1424, 69, 10),
(1425, 70, 10),
(1426, 71, 10),
(1427, 72, 10),
(1428, 73, 10),
(1429, 74, 10),
(1430, 75, 10),
(1431, 76, 10),
(1432, 77, 10),
(1433, 78, 10),
(1434, 79, 10),
(1435, 80, 10),
(1436, 81, 10),
(1437, 82, 10),
(1438, 83, 10),
(1439, 84, 10),
(1440, 85, 10),
(1441, 86, 10),
(1442, 87, 10),
(1443, 88, 10),
(1444, 89, 10),
(1445, 90, 10),
(1446, 91, 10),
(1447, 92, 10),
(1448, 93, 10),
(1449, 94, 10),
(1450, 104, 10),
(1451, 98, 10),
(1452, 102, 10),
(1453, 103, 10),
(1454, 100, 10),
(1455, 101, 10),
(1456, 105, 10),
(1457, 106, 10),
(1458, 107, 10),
(1459, 108, 10),
(1460, 109, 10),
(1461, 110, 10),
(1462, 111, 10),
(1463, 112, 10),
(1464, 113, 10),
(1465, 114, 10),
(1466, 115, 10),
(1467, 115, 1),
(1468, 116, 10),
(1469, 116, 6),
(1470, 116, 5),
(1471, 6, 11),
(1472, 7, 11),
(1473, 5, 11),
(1474, 8, 11),
(1475, 9, 11),
(1476, 10, 11),
(1477, 11, 11),
(1478, 12, 11),
(1479, 13, 11),
(1480, 14, 11),
(1481, 15, 11),
(1482, 16, 11),
(1483, 17, 11),
(1484, 18, 11),
(1485, 19, 11),
(1486, 46, 11),
(1487, 47, 11),
(1488, 21, 11),
(1489, 22, 11),
(1490, 23, 11),
(1491, 24, 11),
(1492, 25, 11),
(1493, 26, 11),
(1494, 27, 11),
(1495, 28, 11),
(1496, 29, 11),
(1497, 30, 11),
(1498, 31, 11),
(1499, 32, 11),
(1500, 33, 11),
(1501, 34, 11),
(1502, 35, 11),
(1503, 36, 11),
(1504, 37, 11),
(1505, 38, 11),
(1506, 39, 11),
(1507, 40, 11),
(1508, 41, 11),
(1509, 42, 11),
(1510, 43, 11),
(1511, 44, 11),
(1512, 45, 11),
(1513, 48, 11),
(1514, 49, 11),
(1515, 50, 11),
(1516, 51, 11),
(1517, 52, 11),
(1518, 53, 11),
(1519, 54, 11),
(1520, 55, 11),
(1521, 56, 11),
(1522, 57, 11),
(1523, 58, 11),
(1524, 59, 11),
(1525, 60, 11),
(1526, 61, 11),
(1527, 62, 11),
(1528, 63, 11),
(1529, 64, 11),
(1530, 65, 11),
(1531, 66, 11),
(1532, 67, 11),
(1533, 68, 11),
(1534, 69, 11),
(1535, 70, 11),
(1536, 71, 11),
(1537, 72, 11),
(1538, 73, 11),
(1539, 74, 11),
(1540, 75, 11),
(1541, 76, 11),
(1542, 77, 11),
(1543, 78, 11),
(1544, 79, 11),
(1545, 80, 11),
(1546, 81, 11),
(1547, 82, 11),
(1548, 83, 11),
(1549, 84, 11),
(1550, 85, 11),
(1551, 86, 11),
(1552, 87, 11),
(1553, 88, 11),
(1554, 89, 11),
(1555, 90, 11),
(1556, 91, 11),
(1557, 92, 11),
(1558, 93, 11),
(1559, 94, 11),
(1560, 104, 11),
(1561, 98, 11),
(1562, 102, 11),
(1563, 103, 11),
(1564, 100, 11),
(1565, 101, 11),
(1566, 105, 11),
(1567, 106, 11),
(1568, 107, 11),
(1569, 108, 11),
(1570, 109, 11),
(1571, 110, 11),
(1572, 111, 11),
(1573, 112, 11),
(1574, 113, 11),
(1575, 114, 11),
(1576, 115, 11),
(1577, 116, 11),
(1578, 117, 5),
(1579, 118, 5),
(1580, 117, 6),
(1581, 118, 6),
(1582, 117, 1),
(1583, 116, 1),
(1584, 118, 1),
(1585, 119, 5),
(1586, 120, 5),
(1587, 121, 5),
(1588, 119, 6),
(1589, 120, 6),
(1590, 121, 6),
(1591, 117, 10),
(1592, 118, 10),
(1593, 119, 10),
(1594, 120, 10),
(1595, 121, 10),
(1596, 122, 6),
(1597, 122, 5);

-- --------------------------------------------------------

--
-- Table structure for table `test`
--

CREATE TABLE `test` (
  `id` int(11) NOT NULL,
  `text` text NOT NULL
) ENGINE=MyISAM DEFAULT CHARSET=utf8;

--
-- Dumping data for table `test`
--

INSERT INTO `test` (`id`, `text`) VALUES
(1, 'hello'),
(2, 'hello'),
(3, 'hello'),
(4, '1'),
(5, '1'),
(6, '1'),
(7, 'true'),
(8, 'true'),
(9, 'http://docs.phalconphp.ru/ru/latest/reference/logging.html'),
(10, 'https://www.w3schools.com/css/img_fjords.jpg'),
(11, 'https://www.w3schools.com/css/img_fjords.jpg'),
(12, 'https://www.w3schools.com/css/img_fjords.jpg'),
(13, 'https://www.w3schools.com/css/img_fjords.jpg'),
(14, 'https://www.w3schools.com/css/img_fjords.jpg'),
(15, 'https://www.w3schools.com/css/img_fjords.jpg'),
(16, 'https://www.w3schools.com/css/img_fjords.jpg'),
(17, 'https://www.w3schools.com/css/img_fjords.jpg'),
(18, 'https://www.w3schools.com/css/img_fjords.jpg');

-- --------------------------------------------------------

--
-- Table structure for table `twitter_url`
--

CREATE TABLE `twitter_url` (
  `id` int(11) NOT NULL,
  `twitter_account` varchar(255) NOT NULL,
  `type` int(11) NOT NULL
) ENGINE=MyISAM DEFAULT CHARSET=utf8;

--
-- Dumping data for table `twitter_url`
--

INSERT INTO `twitter_url` (`id`, `twitter_account`, `type`) VALUES
(1, 'tjournal', 0),
(2, 'lentaruofficial', 0),
(3, 'rustrnovkino', 0);

-- --------------------------------------------------------

--
-- Table structure for table `users`
--

CREATE TABLE `users` (
  `user_id` int(11) NOT NULL,
  `users_name` varchar(255) NOT NULL
) ENGINE=MyISAM DEFAULT CHARSET=utf8;

-- --------------------------------------------------------

--
-- Table structure for table `users_settings`
--

CREATE TABLE `users_settings` (
  `id` int(11) NOT NULL,
  `user_id` int(11) NOT NULL,
  `user_email` varchar(255) NOT NULL,
  `user_google_id` varchar(255) NOT NULL,
  `user_vk_id` varchar(255) NOT NULL,
  `user_twitter_id` varchar(255) NOT NULL,
  `user_facebook_id` varchar(255) NOT NULL,
  `user_private` int(11) NOT NULL,
  `websitepush` varchar(50) NOT NULL,
  `email` varchar(50) NOT NULL
) ENGINE=MyISAM DEFAULT CHARSET=utf8;

--
-- Dumping data for table `users_settings`
--

INSERT INTO `users_settings` (`id`, `user_id`, `user_email`, `user_google_id`, `user_vk_id`, `user_twitter_id`, `user_facebook_id`, `user_private`, `websitepush`, `email`) VALUES
(1, 1, 'olsovka@gmail.com', '110888185253240509596', 'none', 'none', 'none', 0, '2,4,16,8,256', '4,8,256,1024'),
(2, 2, ' ', 'none', 'none', 'Somarkit', 'none', 0, '2,4,16,8,256', '4,8,256,1024'),
(3, 3, ' ', 'none', 'chelovekofob', 'none', 'none', 0, '2,4,16,8,256', '4,8,256,1024'),
(4, 4, 'merenkovkonst@gmail.com', '101260642185629701777', 'none', 'none', 'none', 1, '2,4,16,8,256', '4,8,256,1024'),
(5, 5, 'admin@example.com', '114056444082651263474', 's_katala', 'none', 'none', 0, '2,4,16,8,256', '4,8,256,1024'),
(6, 6, 'admin@example.com', 'none', 'none', 'none', '598703840335692', 0, '2,4,16,8,256', '4,8,256,1024'),
(7, 7, ' ', 'none', 'misterakson', 'none', 'none', 0, '2,4,16,8,256', '4,8,256,1024'),
(8, 8, ' ', 'none', 'a_katala', 'none', 'none', 0, '2,4,16,8,256', '4,8,256,1024'),
(9, 9, 'katalnikova2017@gmail.com', '111574178582701189406', 'none', 'none', 'none', 0, '2,4,16,8,256', '4,8,256,1024'),
(11, 11, ' ', 'none', 'none', 'none', '1776439132670373', 0, '2,4,16,8,256', '4,8,256,1024'),
(10, 10, ' ', 'none', 'none', 'Joornal_ru', 'none', 0, '2,4,16,8,256', '4,8,256,1024');

-- --------------------------------------------------------

--
-- Table structure for table `users_subscribe`
--

CREATE TABLE `users_subscribe` (
  `id` int(11) NOT NULL,
  `user_id` int(11) NOT NULL,
  `activated` int(11) NOT NULL,
  `date_start_activation` datetime NOT NULL,
  `date_end_activation` datetime NOT NULL
) ENGINE=MyISAM DEFAULT CHARSET=utf8;

-- --------------------------------------------------------

--
-- Table structure for table `user_favorite`
--

CREATE TABLE `user_favorite` (
  `id` int(11) NOT NULL,
  `type` int(11) NOT NULL,
  `user_id` int(11) NOT NULL,
  `favorite_id` int(11) NOT NULL
) ENGINE=MyISAM DEFAULT CHARSET=utf8;

--
-- Dumping data for table `user_favorite`
--

INSERT INTO `user_favorite` (`id`, `type`, `user_id`, `favorite_id`) VALUES
(68, 0, 8, 5),
(3, 1, 8, 7),
(69, 2, 8, 16),
(67, 0, 8, 11),
(32, 1, 8, 27),
(97, 5, 5, 40285),
(95, 5, 5, 40285),
(81, 2, 23, 2147483647),
(98, 0, 1, 11),
(48, 5, 7, 40285),
(94, 3, 10, 115),
(70, 3, 8, 8),
(51, 1, 8, 27),
(63, 5, 7, 40285),
(74, 5, 7, 40362);

-- --------------------------------------------------------

--
-- Table structure for table `user_notification`
--

CREATE TABLE `user_notification` (
  `id` int(11) NOT NULL,
  `user_id` int(11) NOT NULL,
  `type` int(11) NOT NULL,
  `url` varchar(255) NOT NULL,
  `element_id` int(11) DEFAULT '-1'
) ENGINE=InnoDB DEFAULT CHARSET=utf8;

--
-- Dumping data for table `user_notification`
--

INSERT INTO `user_notification` (`id`, `user_id`, `type`, `url`, `element_id`) VALUES
(30, 11, 3, 'http://web-merenkov.ru8-test', 0),
(40, 8, 3, 'http://web-merenkov.ru/show/8-test', 0),
(41, 11, 3, 'http://web-merenkov.ru/show/8-test', 0),
(42, 8, 3, 'http://web-merenkov.ru/show/8-test', 0),
(43, 8, 3, 'http://web-merenkov.ru/show/8-test', 0),
(45, 8, 3, 'http://web-merenkov.ru/show/8-zagolovok-test', 0),
(46, 16, 3, 'http://web-merenkov.ru/show/7-zagolovok-stati', 0),
(48, 8, 1, 'http://web-merenkov.ru/show/8-test', 0),
(49, 8, 1, 'http://web-merenkov.ru/show/8-zagolovok-test', 0),
(50, 8, 1, 'http://web-merenkov.ru/show/8-test', 0),
(52, 8, 3, 'http://web-merenkov.ru/show/8-test-video', 0),
(55, 8, 3, 'http://web-merenkov.ru/show/8-test', 0),
(75, 8, 3, 'http://web-merenkov.ru/show/8-test', 0),
(76, 11, 3, 'http://web-merenkov.ru/show/8-test', 0),
(77, 11, 3, 'http://web-merenkov.ru/show/8-test', 0),
(78, 8, 3, 'http://web-merenkov.ru/show/8-test', 0),
(79, 11, 3, 'http://web-merenkov.ru/show/8-test', 0),
(80, 11, 3, 'http://web-merenkov.ru/show/8-test', 0),
(81, 11, 3, 'http://web-merenkov.ru/show/8-test', 0),
(82, 8, 3, 'http://web-merenkov.ru/show/8-test', 0),
(86, 8, 3, 'http://web-merenkov.ru/show/8-test', 0),
(89, 19, 3, 'http://web-merenkov.ru/show/8-test-video', 0),
(92, 8, 1, 'http://web-merenkov.ru/show/8-test', 0),
(93, 11, 3, 'http://web-merenkov.ru/show/8-test', 0),
(94, 8, 3, 'http://web-merenkov.ru/show/8-test', 0),
(95, 11, 3, 'http://web-merenkov.ru/show/8-test', 0),
(96, 8, 3, 'http://web-merenkov.ru/show/8-test', 0),
(98, 8, 3, 'http://web-merenkov.ru/show/8-test-oblokzhi-3', 0),
(99, 8, 3, 'http://web-merenkov.ru/show/8-test-oblokzhi-3', 0),
(100, 8, 3, 'http://web-merenkov.ru/show/8-test-video', 0),
(102, 15, 3, 'http://web-merenkov.ru/show/7-zagolovok-stati', 0),
(104, 8, 3, 'http://web-merenkov.ru/show/8-zagolovok-test', 0),
(105, 36, 3, 'http://web-merenkov.ru/show/8-test-oblokzhi-2-tru', 0),
(106, 8, 3, 'http://web-merenkov.ru/show/8-test-oblokzhi-3', 0),
(108, 37, 3, 'http://web-merenkov.ru/show/8-test-oblokzhi-3', 0),
(109, 8, 3, 'http://web-merenkov.ru/show/8-test-oblokzhi-3', 0),
(110, 8, 1, 'http://web-merenkov.ru/show/8-test', 0),
(111, 11, 3, 'http://web-merenkov.ru/show/8-test', 0),
(112, 8, 3, 'http://web-merenkov.ru/show/8-vimeo', 0),
(114, 8, 1, 'http://web-merenkov.ru/show/8-test', 0),
(115, 8, 3, 'http://web-merenkov.ru/show/8-russkie-bukvi-stooo-tekst-lolololololololololololololololololololololololololololololololollolololl1', 0),
(116, 40, 3, 'http://web-merenkov.ru/show/8-russkie-bukvi-stooo-tekst-lolololololololololololololololololololololololololololololololollolololl1', 0),
(117, 8, 1, 'http://web-merenkov.ru/show/8-test', 0),
(118, 8, 1, 'http://web-merenkov.ru/show/8-test', 0),
(119, 8, 1, 'http://web-merenkov.ru/show/8-test', 0),
(120, 8, 1, 'http://web-merenkov.ru/show/8-test', 0),
(121, 8, 1, 'http://web-merenkov.ru/show/8-test', 0),
(122, 8, 1, 'http://web-merenkov.ru/show/8-test', 0),
(123, 8, 1, 'http://web-merenkov.ru/show/8-test', 0),
(124, 11, 3, 'http://web-merenkov.ru/show/8-test', 0),
(125, 37, 3, 'http://web-merenkov.ru/show/8-test-oblokzhi-3', 0),
(126, 8, 3, 'http://web-merenkov.ru/show/8-test-oblokzhi-3', 0),
(128, 21, 3, 'http://web-merenkov.ru/show/7-foto-parizhskie-klumbi-v-kotorie-mozhno-pomochitsya', 0),
(130, 16, 3, 'http://web-merenkov.ru/show/7-zagolovok-stati', 0),
(132, 21, 3, 'http://web-merenkov.ru/show/7-foto-parizhskie-klumbi-v-kotorie-mozhno-pomochitsya', 0),
(134, 21, 3, 'http://web-merenkov.ru/show/7-foto-parizhskie-klumbi-v-kotorie-mozhno-pomochitsya', 0),
(136, 21, 3, 'http://web-merenkov.ru/show/7-foto-parizhskie-klumbi-v-kotorie-mozhno-pomochitsya', 0),
(138, 16, 3, 'http://web-merenkov.ru/show/7-zagolovok-stati', 0),
(141, 8, 1, 'http://web-merenkov.ru/show/8-test', 0),
(142, 8, 3, 'http://web-merenkov.ru/show/8-test-video3e', 0),
(143, 43, 3, 'http://web-merenkov.ru/show/8-test-video3e', 0),
(144, 8, 3, 'http://web-merenkov.ru/show/8-test-video3e', 0),
(145, 43, 3, 'http://web-merenkov.ru/show/8-test-video3e', 0),
(146, 42, 3, 'http://web-merenkov.ru/show/8-test-video2', 0),
(147, 8, 3, 'http://web-merenkov.ru/show/8-test-video2', 0),
(148, 8, 3, 'http://web-merenkov.ru/show/8-test-videoo', 0),
(149, 8, 1, 'http://web-merenkov.ru/show/8-test', 0),
(150, 8, 1, 'http://web-merenkov.ru/show/8-test', 0),
(151, 38, 3, 'http://web-merenkov.ru/show/8-test-titulka-test-titulka-test-titulka-test-titulka-test-titulka-testi-titulka-test-titutlvftvofivfiovlfivfivfivfivfivfivfivfiv', 0),
(157, 8, 1, 'http://web-merenkov.ru/show/8-test', 0),
(158, 8, 1, 'http://web-merenkov.ru/show/8-test-video', 0),
(159, 8, 1, 'http://web-merenkov.ru/show/8-test', 0),
(160, 8, 1, 'http://web-merenkov.ru/show/8-test', 0),
(161, 8, 1, 'http://web-merenkov.ru/show/8-test', 0),
(162, 8, 1, 'http://web-merenkov.ru/show/8-test', 0),
(163, 8, 1, 'http://web-merenkov.ru/show/8-test', 0),
(164, 8, 1, 'http://web-merenkov.ru/show/8-test', 0),
(165, 8, 1, 'http://web-merenkov.ru/show/8-test', 0),
(166, 8, 1, 'http://web-merenkov.ru/show/8-test', 0),
(167, 8, 1, 'http://web-merenkov.ru/show/8-test', 0),
(169, 8, 3, 'http://web-merenkov.ru/show/8-test', 0),
(170, 11, 3, 'http://web-merenkov.ru/show/8-test', 0),
(171, 8, 3, 'http://web-merenkov.ru/show/8-test', 0),
(178, 8, 3, 'http://web-merenkov.ru/show/8-russkie-bukvi-stooo-tekst-lolololololololololololololololololololololololololololololololollolololl1', 0),
(181, 45, 3, 'http://web-merenkov.ru/show/7-proverka', 0),
(182, 43, 3, 'http://web-merenkov.ru/show/8-test-video3e', 0),
(183, 8, 3, 'http://web-merenkov.ru/show/8-test-video3e', 0),
(193, 8, 3, 'http://web-merenkov.ru/show/8-test', 0),
(194, 11, 3, 'http://web-merenkov.ru/show/8-test', 0),
(195, 8, 3, 'http://web-merenkov.ru/show/8-test', 0),
(196, 11, 3, 'http://web-merenkov.ru/show/8-test', 0),
(197, 8, 3, 'http://web-merenkov.ru/show/8-test', 0),
(198, 11, 3, 'http://web-merenkov.ru/show/8-test', 0),
(205, 8, 2, 'http://web-merenkov.ru/show/7-zagolovok-stati', 0),
(206, 8, 2, 'http://web-merenkov.ru/show/7-zagolovok-stati', 0),
(207, 8, 2, 'http://web-merenkov.ru/show/7-zagolovok-stati', 0),
(214, 8, 3, 'http://web-merenkov.ru/show/8-test', 0),
(215, 11, 3, 'http://web-merenkov.ru/show/8-test', 0),
(216, 8, 3, 'http://web-merenkov.ru/show/8-test', 0),
(217, 11, 3, 'http://web-merenkov.ru/show/8-test', 0),
(218, 8, 3, 'http://web-merenkov.ru/show/8-test', 0),
(219, 11, 3, 'http://web-merenkov.ru/show/8-test', 0),
(220, 8, 3, 'http://web-merenkov.ru/show/8-test', 0),
(221, 11, 3, 'http://web-merenkov.ru/show/8-test', 0),
(222, 8, 1, 'http://web-merenkov.ru/show/8-russkie-bukvi-stooo-tekst-lolololololololololololololololololololololololololololololololollolololl1', 0),
(224, 11, 3, 'http://web-merenkov.ru/show/8-test', 0),
(225, 8, 3, 'http://web-merenkov.ru/show/8-test', 0),
(228, 11, 3, 'http://web-merenkov.ru/show/8-test', 0),
(229, 8, 3, 'http://web-merenkov.ru/show/8-test', 0),
(230, 11, 3, 'http://web-merenkov.ru/show/8-test', 0),
(231, 8, 3, 'http://web-merenkov.ru/show/8-test', 0),
(239, 8, 3, 'http://web-merenkov.ru/show/8-test', 0),
(240, 11, 3, 'http://web-merenkov.ru/show/8-test', 0),
(241, 8, 3, 'http://web-merenkov.ru/show/8-test', 0),
(242, 8, 3, 'http://web-merenkov.ru/show/8-test-oblokzhi-3', 0),
(244, 76, 3, 'http://web-merenkov.ru/show/8-testimagurl2', 0),
(245, 8, 3, 'http://web-merenkov.ru/show/8-testimagurl2', 0),
(246, 8, 3, 'http://web-merenkov.ru/show/8-test', 0),
(247, 11, 3, 'http://web-merenkov.ru/show/8-test', 0),
(248, 8, 3, 'http://web-merenkov.ru/show/8-test', 0),
(249, 8, 2, 'http://web-merenkov.ru/show/7-111', 0),
(250, 19, 3, 'http://web-merenkov.ru/show/8-test-video', 0),
(251, 8, 3, 'http://web-merenkov.ru/show/8-test-video', 0),
(252, 46, 3, 'http://web-merenkov.ru/show/7', 0),
(253, 93, 3, 'http://web-merenkov.ru/show/8-testvk3', 0),
(254, 8, 3, 'http://web-merenkov.ru/show/8-testvk3', 0),
(255, 8, 1, 'http://web-merenkov.ru/show/8-test-oblokzhi-3', 0),
(256, 8, 3, 'http://web-merenkov.ru/show/8-test', 0),
(257, 8, 1, 'http://web-merenkov.ru/show/8-test-video', 0),
(261, 7, 3, 'http://web-merenkov.ru/show/7-zagolovok', 0),
(262, 104, 3, 'http://web-merenkov.ru/show/7-zagolovok', 0),
(263, 7, 3, 'http://web-merenkov.ru/show/7-zagolovok', 0),
(264, 104, 3, 'http://web-merenkov.ru/show/7-zagolovok', 0),
(265, 7, 3, 'http://web-merenkov.ru/show/7-zagolovok', 0),
(266, 104, 3, 'http://web-merenkov.ru/show/7-zagolovok', 0),
(267, 7, 3, 'http://web-merenkov.ru/show/7-zagolovok', 0),
(268, 7, 1, 'http://web-merenkov.ru/show/7-safsgsdgsdgsdgsdgsdgsg', 0),
(269, 7, 1, 'http://web-merenkov.ru/show/7-safsgsdgsdgsdgsdgsdgsg', 0),
(270, 7, 1, 'http://web-merenkov.ru/show/7-safsgsdgsdgsdgsdgsdgsg', 0),
(271, 1, 3, 'http://web-merenkov.ru/show/1-testvideovknovost', 0),
(272, 106, 3, 'http://web-merenkov.ru/show/1-testvideovknovost', 0),
(273, 1, 3, 'http://web-merenkov.ru/show/1-testvideovknovost', 0),
(274, 106, 3, 'http://web-merenkov.ru/show/1-testvideovknovost', 0),
(275, 1, 1, 'http://web-merenkov.ru/show/1-testvideovknovost', 0),
(276, 16, 3, 'http://web-merenkov.ru/show/7-zagolovok-stati', 0),
(277, 107, 3, 'http://web-merenkov.ru/show/5-test', 0),
(279, 107, 3, 'http://web-merenkov.ru/show/5-test', 0),
(280, 103, 3, 'http://web-merenkov.ru/show/5-antagonist-pozner-i-semeinaya-drama-parodiinii-treiler-k-pyatiletiu-vechernego-urganta', 0),
(282, 107, 3, 'http://web-merenkov.ru/show/5-test', 0),
(283, 7, 3, 'http://web-merenkov.ru/show/7-111', 0),
(284, 17, 3, 'http://web-merenkov.ru/show/7-111', 0),
(288, 107, 3, 'http://web-merenkov.ru/show/5-test', 0),
(289, 11, 3, 'http://web-merenkov.ru/show/8-test', 0),
(290, 8, 3, 'http://web-merenkov.ru/show/8-test', 0),
(291, 8, 2, 'http://web-merenkov.ru/show/5-antagonist-pozner-i-semeinaya-drama-parodiinii-treiler-k-pyatiletiu-vechernego-urganta', 0),
(292, 8, 2, 'http://web-merenkov.ru/show/5-antagonist-pozner-i-semeinaya-drama-parodiinii-treiler-k-pyatiletiu-vechernego-urganta', 0),
(293, 8, 2, 'http://web-merenkov.ru/show/5-antagonist-pozner-i-semeinaya-drama-parodiinii-treiler-k-pyatiletiu-vechernego-urganta', 0),
(294, 8, 2, 'http://web-merenkov.ru/show/5-antagonist-pozner-i-semeinaya-drama-parodiinii-treiler-k-pyatiletiu-vechernego-urganta', 0),
(295, 7, 2, 'http://web-merenkov.ru/show/8-test', 0),
(296, 37, 3, 'http://web-merenkov.ru/show/8-test-oblokzhi-3', 0),
(297, 8, 3, 'http://web-merenkov.ru/show/8-test-oblokzhi-3', 0),
(299, 7, 1, 'http://web-merenkov.ru/show/7-zagolovok-stati', 0),
(300, 7, 1, 'http://web-merenkov.ru/show/7-zagolovok-stati', 0),
(301, 7, 1, 'http://web-merenkov.ru/show/7-zagolovok-stati', 0),
(304, 105, 3, 'http://web-merenkov.ru/show/1-testvideovk', 0),
(305, 103, 3, 'http://web-merenkov.ru/show/5-antagonist-pozner-i-semeinaya-drama-parodiinii-treiler-k-pyatiletiu-vechernego-urganta', 0),
(306, 102, 3, 'http://web-merenkov.ru/show/5-staraya-tragediya-pod-mikroskopom-tehnologii', 0),
(307, 101, 3, 'http://web-merenkov.ru/show/5-glavred-eha-moskvi-sravnil-ugrozi-iz-chechni-s-ugrozami-iz-ig', 0),
(308, 100, 3, 'http://web-merenkov.ru/show/5-chem-zanyatsya-shodit-v-kino-na-vremya-pervih', 0),
(309, 4, 2, 'http://web-merenkov.ru/show/8-test-oblokzhi-3', 0),
(313, 9, 2, 'http://web-merenkov.ru/show/7-zagolovok-stati', 0),
(314, 9, 2, 'http://web-merenkov.ru/show/7-zagolovok-stati', 0),
(315, 7, 2, 'http://web-merenkov.ru/show/8-test-video', 0),
(316, 16, 3, 'http://web-merenkov.ru/show/7-zagolovok-stati', 0),
(317, 7, 3, 'http://web-merenkov.ru/show/7-zagolovok-stati', 0),
(318, 16, 3, 'http://web-merenkov.ru/show/7-zagolovok-stati', 0),
(319, 7, 3, 'http://web-merenkov.ru/show/7-zagolovok-stati', 0),
(320, 1, 3, 'http://web-merenkov.ru/show/1-testvideovk', 0),
(321, 105, 3, 'http://web-merenkov.ru/show/1-testvideovk', 0),
(322, 1, 3, 'http://web-merenkov.ru/show/1-testvideovk', 0),
(323, 105, 3, 'http://web-merenkov.ru/show/1-testvideovk', 0),
(324, 1, 3, 'http://web-merenkov.ru/show/1-testvideovknovost', 0),
(325, 104, 3, 'http://web-merenkov.ru/show/7-zagolovok', 0),
(326, 7, 2, 'http://web-merenkov.ru/show/8-test-video', 0),
(327, 8, 1, 'http://web-merenkov.ru/show/8-test-oblokzhi-3', 0),
(329, 7, 2, 'http://web-merenkov.ru/show/8-test', 0),
(330, 7, 2, 'http://web-merenkov.ru/show/8-test', 0),
(331, 8, 2, 'http://web-merenkov.ru/show/8-test', 0),
(332, 7, 2, 'http://web-merenkov.ru/show/8-test', 0),
(333, 7, 2, 'http://web-merenkov.ru/show/8-test', 0),
(334, 7, 2, 'http://web-merenkov.ru/show/8-test', 0),
(335, 7, 2, 'http://web-merenkov.ru/show/8-test', 0),
(336, 8, 2, 'http://web-merenkov.ru/show/8-test', 0),
(337, 8, 2, 'http://web-merenkov.ru/show/8-test', 0),
(338, 7, 2, 'http://web-merenkov.ru/show/8-test', 0),
(339, 7, 2, 'http://web-merenkov.ru/show/8-test', 0),
(340, 7, 3, 'http://web-merenkov.ru/show/7-zagolovok-stati', 0),
(341, 8, 3, 'http://web-merenkov.ru/show/8-russkie-bukvi-stooo-tekst-lolololololololololololololololololololololololololololololololollolololl1', 0),
(342, 40, 3, 'http://web-merenkov.ru/show/8-russkie-bukvi-stooo-tekst-lolololololololololololololololololololololololololololololololollolololl1', 0),
(343, 8, 3, 'http://web-merenkov.ru/show/8-russkie-bukvi-stooo-tekst-lolololololololololololololololololololololololololololololololollolololl1', 0),
(345, 114, 3, 'http://web-merenkov.ru/show/5-222', 0),
(347, 113, 3, 'http://web-merenkov.ru/show/5-vk', 0),
(350, 37, 3, 'http://web-merenkov.ru/show/8-test-oblokzhi-3', 0),
(351, 11, 3, 'http://web-merenkov.ru/show/8-test', 0),
(352, 8, 3, 'http://web-merenkov.ru/show/8-test-oblokzhi-3', 0),
(353, 37, 3, 'http://web-merenkov.ru/show/8-test-oblokzhi-3', 0),
(354, 16, 3, 'http://web-merenkov.ru/show/7-zagolovok-stati', 0),
(355, 7, 2, 'http://web-merenkov.ru/show/8-test', 0),
(356, 7, 2, 'http://web-merenkov.ru/show/8-test', 0),
(357, 7, 2, 'http://web-merenkov.ru/show/8-test', 0),
(358, 7, 2, 'http://web-merenkov.ru/show/8-test', 0),
(359, 7, 2, 'http://web-merenkov.ru/show/8-test', 0),
(360, 8, 3, 'http://web-merenkov.ru/show/8-test', 0),
(361, 11, 3, 'http://web-merenkov.ru/show/8-test', 0),
(362, 8, 3, 'http://web-merenkov.ru/show/8-test', 0),
(363, 11, 3, 'http://web-merenkov.ru/show/8-test', 0),
(364, 8, 3, 'http://web-merenkov.ru/show/8-test', 0),
(365, 11, 3, 'http://web-merenkov.ru/show/8-test', 0),
(366, 8, 3, 'http://web-merenkov.ru/show/8-test', 0),
(367, 11, 3, 'http://web-merenkov.ru/show/8-test', 0),
(368, 8, 3, 'http://web-merenkov.ru/show/8-test', 0),
(369, 11, 3, 'http://web-merenkov.ru/show/8-test', 0),
(370, 8, 3, 'http://web-merenkov.ru/show/8-test', 0),
(371, 1, 1, 'http://web-merenkov.ru/show/1-testvideovknovost', 121),
(372, 1, 1, 'http://web-merenkov.ru/show/1-testvideovknovost', 122),
(373, 1, 1, 'http://web-merenkov.ru/show/1-testvideovknovost', 123),
(374, 1, 1, 'http://web-merenkov.ru/show/1-testvideovknovost', 0),
(375, 1, 1, 'http://web-merenkov.ru/show/1-testvideovknovost', 125),
(376, 1, 1, 'http://web-merenkov.ru/show/1-testvideovknovost', 126),
(377, 11, 3, 'http://web-merenkov.ru/show/8-test', -1),
(378, 8, 3, 'http://web-merenkov.ru/show/8-test', -1),
(379, 11, 3, 'http://web-merenkov.ru/show/8-test', -1),
(380, 8, 3, 'http://web-merenkov.ru/show/8-test', -1),
(381, 11, 3, 'http://web-merenkov.ru/show/8-test', -1),
(382, 8, 3, 'http://web-merenkov.ru/show/8-test', -1),
(384, 1, 3, 'http://web-merenkov.ru/show/1-testvideovk', -1),
(385, 105, 3, 'http://web-merenkov.ru/show/1-testvideovk', -1),
(386, 7, 3, 'http://web-merenkov.ru/show/7-zagolovok', -1),
(387, 11, 3, 'http://web-merenkov.ru/show/8-test', -1),
(388, 8, 3, 'http://web-merenkov.ru/show/8-test', -1),
(389, 11, 3, 'http://web-merenkov.ru/show/8-test', -1),
(390, 110, 3, 'http://web-merenkov.ru/show/6-android-80', -1),
(392, 110, 3, 'http://web-merenkov.ru/show/6-android-80', -1),
(393, 8, 3, 'http://web-merenkov.ru/show/8-test', -1),
(394, 11, 3, 'http://web-merenkov.ru/show/8-test', -1),
(395, 8, 3, 'http://web-merenkov.ru/show/8-test', -1),
(396, 11, 3, 'http://web-merenkov.ru/show/8-test', -1),
(398, 114, 3, 'http://web-merenkov.ru/show/5-222', -1),
(399, 7, 3, 'http://web-merenkov.ru/show/7-novost', -1),
(401, 114, 3, 'http://web-merenkov.ru/show/5-222', -1),
(402, 115, 3, 'http://web-merenkov.ru/show/7-novost', -1),
(403, 7, 3, 'http://web-merenkov.ru/show/7-novost', -1),
(404, 115, 3, 'http://web-merenkov.ru/show/7-novost', -1),
(405, 7, 3, 'http://web-merenkov.ru/show/7-novost', -1),
(407, 114, 3, 'http://web-merenkov.ru/show/5-222', -1),
(408, 115, 3, 'http://web-merenkov.ru/show/7-novost', -1),
(409, 7, 3, 'http://web-merenkov.ru/show/7-novost', -1),
(410, 115, 3, 'http://web-merenkov.ru/show/7-novost', -1),
(411, 7, 3, 'http://web-merenkov.ru/show/7-novost', -1),
(412, 115, 3, 'http://web-merenkov.ru/show/7-novost', -1),
(413, 7, 3, 'http://web-merenkov.ru/show/7-novost', -1),
(414, 115, 3, 'http://web-merenkov.ru/show/7-novost', -1),
(415, 7, 3, 'http://web-merenkov.ru/show/7-novost', -1),
(416, 115, 3, 'http://web-merenkov.ru/show/7-novost', -1),
(417, 7, 3, 'http://web-merenkov.ru/show/7-novost', -1),
(418, 115, 3, 'http://web-merenkov.ru/show/7-novost', -1),
(419, 7, 3, 'http://web-merenkov.ru/show/7-novost', -1),
(420, 115, 3, 'http://web-merenkov.ru/show/7-novost', -1),
(421, 7, 3, 'http://web-merenkov.ru/show/7-novost', -1),
(422, 115, 3, 'http://web-merenkov.ru/show/7-novost', -1),
(423, 7, 3, 'http://web-merenkov.ru/show/7-novost', -1),
(424, 115, 3, 'http://web-merenkov.ru/show/7-novost', -1),
(425, 7, 3, 'http://web-merenkov.ru/show/7-novost', -1),
(426, 115, 3, 'http://web-merenkov.ru/show/7-novost', -1),
(429, 8, 3, 'http://web-merenkov.ru/show/8-test', -1),
(430, 11, 3, 'http://web-merenkov.ru/show/8-test', -1),
(431, 8, 3, 'http://web-merenkov.ru/show/8-test', -1),
(432, 8, 2, 'http://web-merenkov.ru/show/8-zagolovok-test', -1),
(433, 8, 2, 'http://web-merenkov.ru/show/8-zagolovok-test', -1),
(434, 8, 2, 'http://web-merenkov.ru/show/8-zagolovok-test', -1),
(435, 8, 2, 'http://web-merenkov.ru/show/8-zagolovok-test', -1),
(436, 8, 2, 'http://web-merenkov.ru/show/8-zagolovok-test', -1),
(437, 8, 2, 'http://web-merenkov.ru/show/8-zagolovok-test', -1),
(438, 8, 2, 'http://web-merenkov.ru/show/8-zagolovok-test', -1),
(439, 8, 2, 'http://web-merenkov.ru/show/8-zagolovok-test', -1),
(440, 8, 2, 'http://web-merenkov.ru/show/8-zagolovok-test', -1),
(441, 8, 2, 'http://web-merenkov.ru/show/8-zagolovok-test', -1),
(442, 8, 2, 'http://web-merenkov.ru/show/8-zagolovok-test', -1),
(443, 8, 2, 'http://web-merenkov.ru/show/8-zagolovok-test', -1),
(444, 8, 2, 'http://web-merenkov.ru/show/8-zagolovok-test', -1),
(445, 8, 2, 'http://web-merenkov.ru/show/8-zagolovok-test', -1),
(446, 8, 2, 'http://web-merenkov.ru/show/8-zagolovok-test', -1),
(447, 8, 2, 'http://web-merenkov.ru/show/8-zagolovok-test', -1),
(448, 8, 2, 'http://web-merenkov.ru/show/8-zagolovok-test', -1),
(449, 115, 3, 'http://web-merenkov.ru/show/7-novost', -1),
(450, 7, 3, 'http://web-merenkov.ru/show/7-novost', -1),
(451, 7, 3, 'http://web-merenkov.ru/show/7-novost', -1),
(452, 7, 1, 'http://web-merenkov.ru/show/7-novost', 127),
(453, 7, 1, 'http://web-merenkov.ru/show/7-novost', 128),
(455, 8, 3, 'http://web-merenkov.ru/show/8-test', -1),
(456, 11, 3, 'http://web-merenkov.ru/show/8-test', -1),
(457, 8, 3, 'http://web-merenkov.ru/show/8-test', -1),
(464, 116, 3, 'http://web-merenkov.ru/show/10-luchshe-chem-otpechatok-palca', -1),
(465, 115, 3, 'http://web-merenkov.ru/show/7-novost', -1),
(466, 7, 3, 'http://web-merenkov.ru/show/7-novost', -1),
(467, 11, 3, 'http://web-merenkov.ru/show/8-test', -1),
(468, 8, 3, 'http://web-merenkov.ru/show/8-test', -1),
(470, 116, 3, 'http://web-merenkov.ru/show/10-luchshe-chem-otpechatok-palca', -1),
(472, 113, 3, 'http://web-merenkov.ru/show/5-vk', -1),
(474, 116, 3, 'http://web-merenkov.ru/show/10-luchshe-chem-otpechatok-palca', -1),
(476, 115, 3, 'http://web-merenkov.ru/show/7-novost', -1),
(477, 116, 3, 'http://web-merenkov.ru/show/10-luchshe-chem-otpechatok-palca', -1),
(478, 114, 3, 'http://web-merenkov.ru/show/5-222', -1),
(480, 7, 3, 'http://web-merenkov.ru/show/7-novost', -1),
(481, 115, 3, 'http://web-merenkov.ru/show/7-novost', -1),
(482, 116, 3, 'http://web-merenkov.ru/show/10-luchshe-chem-otpechatok-palca', -1),
(483, 11, 3, 'http://web-merenkov.ru/show/8-test', -1),
(486, 8, 3, 'http://web-merenkov.ru/show/8-test', -1),
(487, 11, 3, 'http://web-merenkov.ru/show/8-test', -1),
(488, 8, 3, 'http://web-merenkov.ru/show/8-test', -1),
(489, 11, 3, 'http://web-merenkov.ru/show/8-test', -1),
(490, 8, 3, 'http://web-merenkov.ru/show/8-test', -1),
(491, 11, 3, 'http://web-merenkov.ru/show/8-test', -1),
(492, 8, 3, 'http://web-merenkov.ru/show/8-test', -1),
(493, 11, 3, 'http://web-merenkov.ru/show/8-test', -1),
(496, 8, 1, 'http://web-merenkov.ru/show/8-zagolovok-test', 135),
(497, 8, 1, 'http://web-merenkov.ru/show/8-zagolovok-test', 136),
(499, 121, 3, 'http://web-merenkov.ru/show/5-ssilka', -1),
(500, 115, 3, 'http://web-merenkov.ru/show/7-novost', -1),
(501, 7, 3, 'http://web-merenkov.ru/show/7-novost', -1),
(503, 111, 3, 'http://web-merenkov.ru/show/6-android-80', -1),
(504, 1, 3, 'http://web-merenkov.ru/show/1-testvideovk', -1),
(505, 11, 3, 'http://web-merenkov.ru/show/8-test', -1),
(506, 8, 3, 'http://web-merenkov.ru/show/8-test', -1),
(510, 8, 3, 'http://web-merenkov.ru/show/8-test', -1),
(511, 11, 3, 'http://web-merenkov.ru/show/8-test', -1),
(512, 9, 3, 'http://web-merenkov.ru/show/9-slaider', -1),
(513, 10, 3, 'http://web-merenkov.ru/show/9-slaider', -1),
(514, 9, 3, 'http://web-merenkov.ru/show/9-zagolovok-1', -1),
(515, 7, 3, 'http://web-merenkov.ru/show/7-safsgsdgsdgsdgsdgsdgsg', -1),
(516, 14, 3, 'http://web-merenkov.ru/show/7-zagolovok-stati', -1),
(517, 46, 3, 'http://web-merenkov.ru/show/7', -1),
(518, 7, 3, 'http://web-merenkov.ru/show/7-zagolovok-stati', -1),
(519, 8, 3, 'http://web-merenkov.ru/show/8-vimeo', -1),
(520, 8, 3, 'http://web-merenkov.ru/show/8-vimeo', -1),
(522, 5, 3, 'http://web-merenkov.ru/show/5-ssilka', -1),
(523, 121, 3, 'http://web-merenkov.ru/show/5-ssilka', -1),
(524, 8, 3, 'http://web-merenkov.ru/show/8-test', -1),
(525, 11, 3, 'http://web-merenkov.ru/show/8-test', -1),
(526, 8, 3, 'http://web-merenkov.ru/show/8-test', -1),
(527, 5, 3, 'http://web-merenkov.ru/show/5-ssilka', -1),
(528, 121, 3, 'http://web-merenkov.ru/show/5-ssilka', -1),
(529, 5, 3, 'http://web-merenkov.ru/show/5-ssilka', -1),
(530, 121, 3, 'http://web-merenkov.ru/show/5-ssilka', -1),
(531, 120, 3, 'http://web-merenkov.ru/show/5-prevu-rabotaet', -1),
(532, 5, 3, 'http://web-merenkov.ru/show/5-prevu-rabotaet', -1),
(533, 5, 3, 'http://web-merenkov.ru/show/5-ssilka', -1),
(534, 121, 3, 'http://web-merenkov.ru/show/5-ssilka', -1),
(535, 5, 3, 'http://web-merenkov.ru/show/5-prevu-foto', -1),
(536, 11, 3, 'http://web-merenkov.ru/show/8-test', -1),
(537, 8, 3, 'http://web-merenkov.ru/show/8-test', -1),
(538, 11, 3, 'http://web-merenkov.ru/show/8-test', -1),
(539, 8, 3, 'http://web-merenkov.ru/show/8-test', -1),
(540, 5, 3, 'http://web-merenkov.ru/show/5-ssilka', -1);

-- --------------------------------------------------------

--
-- Table structure for table `user_rating`
--

CREATE TABLE `user_rating` (
  `id` int(11) NOT NULL,
  `user_id` int(11) NOT NULL,
  `growth` double NOT NULL,
  `rating` double NOT NULL,
  `comments` int(11) NOT NULL,
  `news` int(11) NOT NULL
) ENGINE=MyISAM DEFAULT CHARSET=utf8;

--
-- Dumping data for table `user_rating`
--

INSERT INTO `user_rating` (`id`, `user_id`, `growth`, `rating`, `comments`, `news`) VALUES
(1, 1, 0, 4, 8, 2),
(2, 2, 0, 0, 0, 0),
(3, 3, 0, 0, 0, 0),
(4, 4, 0, 0, 0, 0),
(5, 5, 0, -3.8, 29, 13),
(6, 6, 0, 0, 11, 5),
(7, 7, 0, -11, 30, 17),
(8, 8, 0, 2, 38, 67),
(9, 9, 0, -1.4, 18, 4),
(10, 10, 0, 1, 4, 1),
(11, 11, 0, 0, 0, 0);

--
-- Indexes for dumped tables
--

--
-- Indexes for table `commentary`
--
ALTER TABLE `commentary`
  ADD PRIMARY KEY (`commentary_id`);

--
-- Indexes for table `commentary_answers`
--
ALTER TABLE `commentary_answers`
  ADD PRIMARY KEY (`id`);

--
-- Indexes for table `commentary_dislikes`
--
ALTER TABLE `commentary_dislikes`
  ADD PRIMARY KEY (`id`);

--
-- Indexes for table `commentary_likes`
--
ALTER TABLE `commentary_likes`
  ADD PRIMARY KEY (`id`);

--
-- Indexes for table `drafts`
--
ALTER TABLE `drafts`
  ADD PRIMARY KEY (`id`);

--
-- Indexes for table `hybridauth`
--
ALTER TABLE `hybridauth`
  ADD PRIMARY KEY (`id`);

--
-- Indexes for table `likes`
--
ALTER TABLE `likes`
  ADD PRIMARY KEY (`likes_id`);

--
-- Indexes for table `news`
--
ALTER TABLE `news`
  ADD PRIMARY KEY (`news_id`);

--
-- Indexes for table `news_dislikes`
--
ALTER TABLE `news_dislikes`
  ADD PRIMARY KEY (`id`);

--
-- Indexes for table `news_likes`
--
ALTER TABLE `news_likes`
  ADD PRIMARY KEY (`id`);

--
-- Indexes for table `news_watched`
--
ALTER TABLE `news_watched`
  ADD PRIMARY KEY (`id`);

--
-- Indexes for table `one_news_watched`
--
ALTER TABLE `one_news_watched`
  ADD PRIMARY KEY (`id`);

--
-- Indexes for table `test`
--
ALTER TABLE `test`
  ADD PRIMARY KEY (`id`);

--
-- Indexes for table `twitter_url`
--
ALTER TABLE `twitter_url`
  ADD PRIMARY KEY (`id`);

--
-- Indexes for table `users`
--
ALTER TABLE `users`
  ADD PRIMARY KEY (`user_id`);

--
-- Indexes for table `users_settings`
--
ALTER TABLE `users_settings`
  ADD PRIMARY KEY (`id`);

--
-- Indexes for table `users_subscribe`
--
ALTER TABLE `users_subscribe`
  ADD PRIMARY KEY (`id`);

--
-- Indexes for table `user_favorite`
--
ALTER TABLE `user_favorite`
  ADD PRIMARY KEY (`id`);

--
-- Indexes for table `user_notification`
--
ALTER TABLE `user_notification`
  ADD PRIMARY KEY (`id`);

--
-- Indexes for table `user_rating`
--
ALTER TABLE `user_rating`
  ADD PRIMARY KEY (`id`);

--
-- AUTO_INCREMENT for dumped tables
--

--
-- AUTO_INCREMENT for table `commentary`
--
ALTER TABLE `commentary`
  MODIFY `commentary_id` int(11) NOT NULL AUTO_INCREMENT, AUTO_INCREMENT=141;
--
-- AUTO_INCREMENT for table `commentary_answers`
--
ALTER TABLE `commentary_answers`
  MODIFY `id` int(11) NOT NULL AUTO_INCREMENT;
--
-- AUTO_INCREMENT for table `commentary_dislikes`
--
ALTER TABLE `commentary_dislikes`
  MODIFY `id` int(11) NOT NULL AUTO_INCREMENT, AUTO_INCREMENT=66;
--
-- AUTO_INCREMENT for table `commentary_likes`
--
ALTER TABLE `commentary_likes`
  MODIFY `id` int(11) NOT NULL AUTO_INCREMENT, AUTO_INCREMENT=115;
--
-- AUTO_INCREMENT for table `drafts`
--
ALTER TABLE `drafts`
  MODIFY `id` int(11) NOT NULL AUTO_INCREMENT, AUTO_INCREMENT=13;
--
-- AUTO_INCREMENT for table `hybridauth`
--
ALTER TABLE `hybridauth`
  MODIFY `id` int(11) NOT NULL AUTO_INCREMENT, AUTO_INCREMENT=12;
--
-- AUTO_INCREMENT for table `likes`
--
ALTER TABLE `likes`
  MODIFY `likes_id` int(11) NOT NULL AUTO_INCREMENT;
--
-- AUTO_INCREMENT for table `news`
--
ALTER TABLE `news`
  MODIFY `news_id` int(11) NOT NULL AUTO_INCREMENT, AUTO_INCREMENT=123;
--
-- AUTO_INCREMENT for table `news_dislikes`
--
ALTER TABLE `news_dislikes`
  MODIFY `id` int(11) NOT NULL AUTO_INCREMENT, AUTO_INCREMENT=169;
--
-- AUTO_INCREMENT for table `news_likes`
--
ALTER TABLE `news_likes`
  MODIFY `id` int(11) NOT NULL AUTO_INCREMENT, AUTO_INCREMENT=207;
--
-- AUTO_INCREMENT for table `news_watched`
--
ALTER TABLE `news_watched`
  MODIFY `id` int(11) NOT NULL AUTO_INCREMENT, AUTO_INCREMENT=12;
--
-- AUTO_INCREMENT for table `one_news_watched`
--
ALTER TABLE `one_news_watched`
  MODIFY `id` int(11) NOT NULL AUTO_INCREMENT, AUTO_INCREMENT=1598;
--
-- AUTO_INCREMENT for table `test`
--
ALTER TABLE `test`
  MODIFY `id` int(11) NOT NULL AUTO_INCREMENT, AUTO_INCREMENT=19;
--
-- AUTO_INCREMENT for table `twitter_url`
--
ALTER TABLE `twitter_url`
  MODIFY `id` int(11) NOT NULL AUTO_INCREMENT, AUTO_INCREMENT=4;
--
-- AUTO_INCREMENT for table `users`
--
ALTER TABLE `users`
  MODIFY `user_id` int(11) NOT NULL AUTO_INCREMENT;
--
-- AUTO_INCREMENT for table `users_settings`
--
ALTER TABLE `users_settings`
  MODIFY `id` int(11) NOT NULL AUTO_INCREMENT, AUTO_INCREMENT=12;
--
-- AUTO_INCREMENT for table `users_subscribe`
--
ALTER TABLE `users_subscribe`
  MODIFY `id` int(11) NOT NULL AUTO_INCREMENT;
--
-- AUTO_INCREMENT for table `user_favorite`
--
ALTER TABLE `user_favorite`
  MODIFY `id` int(11) NOT NULL AUTO_INCREMENT, AUTO_INCREMENT=103;
--
-- AUTO_INCREMENT for table `user_notification`
--
ALTER TABLE `user_notification`
  MODIFY `id` int(11) NOT NULL AUTO_INCREMENT, AUTO_INCREMENT=541;
--
-- AUTO_INCREMENT for table `user_rating`
--
ALTER TABLE `user_rating`
  MODIFY `id` int(11) NOT NULL AUTO_INCREMENT, AUTO_INCREMENT=12;
/*!40101 SET CHARACTER_SET_CLIENT=@OLD_CHARACTER_SET_CLIENT */;
/*!40101 SET CHARACTER_SET_RESULTS=@OLD_CHARACTER_SET_RESULTS */;
/*!40101 SET COLLATION_CONNECTION=@OLD_COLLATION_CONNECTION */;
